-- phpMyAdmin SQL Dump
-- version 5.0.2
-- https://www.phpmyadmin.net/
--
-- Máy chủ: 127.0.0.1
-- Thời gian đã tạo: Th9 04, 2020 lúc 01:00 PM
-- Phiên bản máy phục vụ: 10.4.11-MariaDB
-- Phiên bản PHP: 7.4.4

SET SQL_MODE = "NO_AUTO_VALUE_ON_ZERO";
START TRANSACTION;
SET time_zone = "+00:00";


/*!40101 SET @OLD_CHARACTER_SET_CLIENT=@@CHARACTER_SET_CLIENT */;
/*!40101 SET @OLD_CHARACTER_SET_RESULTS=@@CHARACTER_SET_RESULTS */;
/*!40101 SET @OLD_COLLATION_CONNECTION=@@COLLATION_CONNECTION */;
/*!40101 SET NAMES utf8mb4 */;

--
-- Cơ sở dữ liệu: `cinemamanager`
--
CREATE DATABASE IF NOT EXISTS `cinemamanager` DEFAULT CHARACTER SET utf8 COLLATE utf8_unicode_ci;
USE `cinemamanager`;

-- --------------------------------------------------------

--
-- Cấu trúc bảng cho bảng `combos`
--

CREATE TABLE `combos` (
  `ID` int(11) NOT NULL,
  `Name` varchar(255) CHARACTER SET utf8 COLLATE utf8_unicode_ci NOT NULL,
  `TotalTicket` tinyint(4) NOT NULL,
  `SeatType` varchar(20) CHARACTER SET utf8 COLLATE utf8_unicode_ci NOT NULL,
  `FastFoodID` int(11) NOT NULL,
  `Cost` float NOT NULL,
  `Status` tinyint(1) NOT NULL
) ENGINE=InnoDB DEFAULT CHARSET=utf8;

-- --------------------------------------------------------

--
-- Cấu trúc bảng cho bảng `customers`
--

CREATE TABLE `customers` (
  `ID` int(11) NOT NULL,
  `Code` varchar(50) COLLATE utf8_unicode_ci NOT NULL,
  `Name` varchar(50) COLLATE utf8_unicode_ci NOT NULL,
  `BirthDate` date NOT NULL,
  `PhoneNumber` varchar(15) COLLATE utf8_unicode_ci NOT NULL,
  `CitizenID` varchar(12) COLLATE utf8_unicode_ci NOT NULL,
  `MemberType` varchar(20) COLLATE utf8_unicode_ci NOT NULL,
  `Point` int(10) UNSIGNED NOT NULL,
  `RegisterDate` datetime NOT NULL,
  `RoleID` int(11) NOT NULL,
  `Username` varchar(50) COLLATE utf8_unicode_ci NOT NULL,
  `Password` mediumtext COLLATE utf8_unicode_ci NOT NULL,
  `Status` tinyint(1) NOT NULL
) ENGINE=InnoDB DEFAULT CHARSET=utf8 COLLATE=utf8_unicode_ci;

--
-- Đang đổ dữ liệu cho bảng `customers`
--

INSERT INTO `customers` (`ID`, `Code`, `Name`, `BirthDate`, `PhoneNumber`, `CitizenID`, `MemberType`, `Point`, `RegisterDate`, `RoleID`, `Username`, `Password`, `Status`) VALUES
(1, '', 'Trần Phú Duẩn', '1999-08-12', '025856847', '1258455236', 'Member', 2699, '2020-01-10 21:37:51', 4, 'duanpm3', 'e10adc3949ba59abbe56e057f20f883e', 1),
(2, '', 'Trần Vũ Khánh Linh', '1999-07-12', '23569845', '1255455236', 'Member', 782, '2020-01-31 21:37:51', 4, 'linhpm3', 'e10adc3949ba59abbe56e057f20f883e', 1),
(3, '', 'Lê Hoàng', '2002-07-12', '235999845', '1255488236', 'U22', 299, '2019-07-15 21:37:51', 4, 'hoang', 'e10adc3949ba59abbe56e057f20f883e', 1),
(4, '', 'Ngô Phương Thảo', '2001-01-25', '0987654321', '012233445566', 'U22', 0, '2020-08-06 01:32:20', 4, 'thao2106', 'e10adc3949ba59abbe56e057f20f883e', 1);

-- --------------------------------------------------------

--
-- Cấu trúc bảng cho bảng `employees`
--

CREATE TABLE `employees` (
  `ID` int(11) NOT NULL,
  `Code` varchar(50) COLLATE utf8_unicode_ci NOT NULL,
  `Name` varchar(50) COLLATE utf8_unicode_ci NOT NULL,
  `BirthDate` date NOT NULL,
  `CitizenID` varchar(12) COLLATE utf8_unicode_ci NOT NULL,
  `Email` varchar(50) COLLATE utf8_unicode_ci NOT NULL,
  `PhoneNumber` varchar(15) COLLATE utf8_unicode_ci NOT NULL,
  `Username` varchar(30) COLLATE utf8_unicode_ci NOT NULL,
  `Password` mediumtext COLLATE utf8_unicode_ci NOT NULL,
  `RoleID` int(11) NOT NULL,
  `Status` tinyint(1) NOT NULL
) ENGINE=InnoDB DEFAULT CHARSET=utf8 COLLATE=utf8_unicode_ci;

--
-- Đang đổ dữ liệu cho bảng `employees`
--

INSERT INTO `employees` (`ID`, `Code`, `Name`, `BirthDate`, `CitizenID`, `Email`, `PhoneNumber`, `Username`, `Password`, `RoleID`, `Status`) VALUES
(1, '', 'Nguyễn Đức Khánh', '1999-09-15', '001099025867', 'duckhanhit99@gmail.com', '0385851753', 'khanh', 'e10adc3949ba59abbe56e057f20f883e', 3, 1),
(2, '', 'Nguyễn Minh Giang', '2020-04-01', '0123456789', 'giang@gmail.com', '0123456789', 'giang', 'e10adc3949ba59abbe56e057f20f883e', 3, 1),
(3, '', 'Chu Mạnh Công', '2020-04-02', '1234567890', 'cong@gmail.com', '1234567890', 'cong', 'e10adc3949ba59abbe56e057f20f883e', 1, 1),
(4, '', 'Phan Huy Hoàng', '2020-04-03', '2345678901', 'hoang@gmail.com', '2345678901', 'hoang', 'e10adc3949ba59abbe56e057f20f883e', 2, 1);

-- --------------------------------------------------------

--
-- Cấu trúc bảng cho bảng `fastfoodorderdetails`
--

CREATE TABLE `fastfoodorderdetails` (
  `ID` int(11) NOT NULL,
  `FastFoodOrderID` int(11) NOT NULL,
  `FastFoodID` int(11) NOT NULL,
  `Quantity` int(11) NOT NULL
) ENGINE=InnoDB DEFAULT CHARSET=utf8;

-- --------------------------------------------------------

--
-- Cấu trúc bảng cho bảng `fastfoodorders`
--

CREATE TABLE `fastfoodorders` (
  `ID` int(11) NOT NULL,
  `Code` varchar(50) CHARACTER SET utf8 COLLATE utf8_unicode_ci NOT NULL,
  `CustomerID` int(11) DEFAULT NULL,
  `EmployeeID` int(11) NOT NULL,
  `OrderTime` datetime NOT NULL,
  `PromotionID` int(11) DEFAULT NULL,
  `VoucherID` int(11) DEFAULT NULL,
  `Cost` float NOT NULL,
  `Status` tinyint(1) NOT NULL
) ENGINE=InnoDB DEFAULT CHARSET=utf8;

-- --------------------------------------------------------

--
-- Cấu trúc bảng cho bảng `fastfoods`
--

CREATE TABLE `fastfoods` (
  `ID` int(11) NOT NULL,
  `Code` varchar(50) CHARACTER SET utf8 COLLATE utf8_unicode_ci NOT NULL,
  `Name` varchar(255) CHARACTER SET utf8 COLLATE utf8_unicode_ci NOT NULL,
  `Type` varchar(20) CHARACTER SET utf8 COLLATE utf8_unicode_ci NOT NULL,
  `Size` varchar(10) CHARACTER SET utf8 COLLATE utf8_unicode_ci NOT NULL,
  `Quantity` int(11) NOT NULL,
  `Cost` float NOT NULL,
  `Status` tinyint(1) NOT NULL
) ENGINE=InnoDB DEFAULT CHARSET=utf8;

-- --------------------------------------------------------

--
-- Cấu trúc bảng cho bảng `genredetails`
--

CREATE TABLE `genredetails` (
  `ID` int(11) NOT NULL,
  `MovieID` int(11) NOT NULL,
  `GenreID` int(11) NOT NULL
) ENGINE=InnoDB DEFAULT CHARSET=utf8 COLLATE=utf8_unicode_ci;

--
-- Đang đổ dữ liệu cho bảng `genredetails`
--

INSERT INTO `genredetails` (`ID`, `MovieID`, `GenreID`) VALUES
(1, 1, 1),
(2, 4, 17),
(3, 3, 17),
(4, 5, 17),
(5, 6, 6),
(6, 7, 6),
(7, 8, 3),
(8, 2, 6),
(9, 2, 1);

-- --------------------------------------------------------

--
-- Cấu trúc bảng cho bảng `genres`
--

CREATE TABLE `genres` (
  `ID` int(11) NOT NULL,
  `Name` varchar(255) COLLATE utf8_unicode_ci NOT NULL,
  `Status` tinyint(1) NOT NULL
) ENGINE=InnoDB DEFAULT CHARSET=utf8 COLLATE=utf8_unicode_ci;

--
-- Đang đổ dữ liệu cho bảng `genres`
--

INSERT INTO `genres` (`ID`, `Name`, `Status`) VALUES
(1, 'Action', 1),
(2, 'Drama', 1),
(3, 'Fantasy', 1),
(4, 'Comedy', 1),
(5, 'Cartoon', 1),
(6, 'Romantic', 1),
(17, 'Horror', 1);

-- --------------------------------------------------------

--
-- Cấu trúc bảng cho bảng `movies`
--

CREATE TABLE `movies` (
  `ID` int(11) NOT NULL,
  `Code` varchar(50) COLLATE utf8_unicode_ci NOT NULL,
  `Name` varchar(255) COLLATE utf8_unicode_ci NOT NULL,
  `Rated` tinyint(3) UNSIGNED NOT NULL,
  `Length` int(11) NOT NULL COMMENT 'number of minutes',
  `OpeningDay` date NOT NULL,
  `Description` text COLLATE utf8_unicode_ci DEFAULT NULL,
  `PosterURL` mediumtext COLLATE utf8_unicode_ci NOT NULL,
  `Status` tinyint(1) NOT NULL
) ENGINE=InnoDB DEFAULT CHARSET=utf8 COLLATE=utf8_unicode_ci;

--
-- Đang đổ dữ liệu cho bảng `movies`
--

INSERT INTO `movies` (`ID`, `Code`, `Name`, `Rated`, `Length`, `OpeningDay`, `Description`, `PosterURL`, `Status`) VALUES
(1, '', 'BLOOD SHOT', 16, 110, '2020-01-01', 'Ray Garrison là một sĩ quan cấp cao đã hy sinh trong một trận chiến. Thế nhưng, anh được tái sinh bằng công nghệ cao, giúp Ray sở hữu sức mạnh siêu nhiên và khả năng phục hồi nhanh chóng. Vận dụng những kỹ năng mới, anh săn lùng gã đàn ông đã giết vợ mình. Thế nhưng, khi sự thật dần hé mở, Ray nhận ra rằng không phải mọi thứ đều đáng tin. Ngay cả chính bản thân anh.', 'bloodshot', 1),
(2, '', 'VÌ ANH VẪN TIN', 16, 117, '2020-01-07', 'VÌ ANH VẪN TIN là bản tình ca ngọt ngào nhưng cũng thấm đượm nước mắt dựa trên cuốn hồi ký cùng tên của ca sĩ, nhạc sĩ người Mỹ Jeremy Camp. Phim kể về chính anh và Melissa Lynn Henning-Camp - người con gái mình yêu, người vợ và cũng là một trong những người có ảnh hưởng lớn nhất tới âm nhạc và cuộc đời của Jeremy từ lúc hai người gặp gỡ, kết hôn rồi đồng hành cùng nhau chiến đấu với căn bệnh ung thư đang dần cướp đi sinh mạng của Melissa.', 'vianhvantin', 1),
(3, '', 'DẤU ẤN VÔ CỰC', 16, 98, '2020-02-18', 'Sau khi bị phá sản gia đình William trở về nông trại được thừa kế. Ở đây, cô con gái nhỏ Marry trò chuyện được với linh hồn bí ẩn... Moi điều kỳ lạ bắt đầu xảy ra... Liệu linh hồn kia là thiên thần hay ác quỷ? Dấu ấn có ý nghĩa gì khi xuất hiện...', '8', 1),
(4, '', 'CĂN HỘ CỦA QUỶ', 18, 102, '2020-02-23', 'Dựa trên sự kiện cho thật về ngôi nhà bị quỷ ám trên con phố Malasana, thủ đô Madrid vào những năm 70. Bộ phim xoay quanh gia đình Olmedo khi họ vừa rời vùng quê lên thành phố với hy vọng đổi đời. Tuy nhiên, trong căn nhà này còn tồn tại một thế lực kì bí khác. Mọi thành viên trong gia đình bị hàng loạt hiện tượng kỳ lạ ám ảnh. Liệu chủ nhân cũ của căn nhà có liên quan gì tới cơn ác mộng này?', 'canhocuaquy', 1),
(5, '', 'KẺ VÔ HÌNH', 16, 125, '2020-03-22', 'Kẻ Vô Hình xoay quanh Cecilia Kass - cô gái bị mắc kẹt trong mối quan hệ đầy kiểm soát và bạo lực với khoa học gia tài năng và giàu có tên Adrian Griffin.\r\n', 'kevohinh', 1),
(6, '', 'LOẠN NHỊP', 18, 115, '2020-03-22', 'Điển trai, độc thân và kỹ lưỡng trong lối sống, Chai là hình tượng “sugar daddy” điển hình bên ngoài ấm áp bên trong trưởng thành. Cuộc gặp gỡ vô cùng bất ngờ và định mệnh với cô gái 9x - Whan đã khiến ông chú thập niên 90s thoát ra khỏi cuộc sống đơn sắc trước đây khi cả hai chợt nhận ra rằng, trái tim họ đang ngày càng loạn nhịp vì nhau.', 'loannhip', 1),
(7, '', 'NẮNG 3: LỜI HỨA CỦA CHA', 16, 109, '2020-04-15', 'Lời Hứa Của Cha kể về cuộc sống của 2 mẹ con lừa đảo Quế Phương ( Khả Như ) và bé Hồng Ân ( Ngân Chi). Mọi thứ trở nên đảo lộn khi 2 mẹ con vô tình lừa phải bác sĩ Tùng Sơn ( Kiều Minh Tuấn ), người có khả năng là cha mà bé Hồng Ân bấy lâu đang tìm kiếm. Hành trình chinh phục người cha bất đắc dĩ của 2 mẹ con không hề suôn sẻ khi gặp phải chướng ngại đáng gờm là Thùy Linh (Oanh Kiều), người yêu hiện tại của Sơn. Số phận nghiệt ngã còn trêu đùa và thử thách tình cha con hơn nữa khi đặt Hồng Ân vào tình huống hiểm nghèo.', 'nang3', 1),
(8, '', 'TRUY TÌM PHÉP THUẬT', 13, 103, '2020-04-30', 'Lấy bối cảnh vùng ngoại ô ở một thế giới thần tiên, hai anh em yêu tinh tuổi teen, Ian và Barley Lightfoot, cùng nhau tham gia vào một chuyến hành trình đi tìm chút phép thuật còn sót lại trên thế giới để có được một ngày gặp lại người cha thân yêu quá cố của mình.', 'truytimphepthuat', 1),
(9, '', 'MULAN', 16, 120, '2020-05-30', NULL, 'mulan', 1),
(10, '', 'BLOOD SHOT 2', 16, 120, '2020-05-30', NULL, 'blood_shot_2', 1),
(11, '', '50 SẮC THÁI', 18, 120, '2020-06-10', NULL, '50sacthai', 1),
(12, '', 'ĐẤU PHÁ THƯƠNG KHUNG', 180, 120, '2020-06-18', NULL, 'dauphathuongkhung', 1),
(13, '', 'HÌNH DÁNG ÂM THANH', 14, 120, '2020-06-30', NULL, 'hinhdangamthanh', 1),
(14, '', 'MẮT BIẾC', 16, 115, '2020-06-17', NULL, 'matbiec', 1);

-- --------------------------------------------------------

--
-- Cấu trúc bảng cho bảng `promotions`
--

CREATE TABLE `promotions` (
  `ID` int(11) NOT NULL,
  `Name` varchar(50) CHARACTER SET utf8 COLLATE utf8_unicode_ci NOT NULL,
  `Type` varchar(20) CHARACTER SET utf8 COLLATE utf8_unicode_ci NOT NULL,
  `Discount` float NOT NULL,
  `Status` tinyint(1) NOT NULL
) ENGINE=InnoDB DEFAULT CHARSET=utf8;

--
-- Đang đổ dữ liệu cho bảng `promotions`
--

INSERT INTO `promotions` (`ID`, `Name`, `Type`, `Discount`, `Status`) VALUES
(1, 'After 10PM', 'Fixed', 55000, 1),
(2, 'U22 Card', 'Fixed', 55000, 1);

-- --------------------------------------------------------

--
-- Cấu trúc bảng cho bảng `roles`
--

CREATE TABLE `roles` (
  `ID` int(11) NOT NULL,
  `Name` varchar(25) COLLATE utf8_unicode_ci NOT NULL,
  `Status` tinyint(1) NOT NULL DEFAULT 1
) ENGINE=InnoDB DEFAULT CHARSET=utf8 COLLATE=utf8_unicode_ci;

--
-- Đang đổ dữ liệu cho bảng `roles`
--

INSERT INTO `roles` (`ID`, `Name`, `Status`) VALUES
(1, 'Owner', 1),
(2, 'Manager', 1),
(3, 'Cashier', 1),
(4, 'User', 1);

-- --------------------------------------------------------

--
-- Cấu trúc bảng cho bảng `rooms`
--

CREATE TABLE `rooms` (
  `ID` int(11) NOT NULL,
  `Name` varchar(20) COLLATE utf8_unicode_ci NOT NULL,
  `Status` tinyint(1) NOT NULL
) ENGINE=InnoDB DEFAULT CHARSET=utf8 COLLATE=utf8_unicode_ci;

--
-- Đang đổ dữ liệu cho bảng `rooms`
--

INSERT INTO `rooms` (`ID`, `Name`, `Status`) VALUES
(1, 'Room 1', 1),
(2, 'Room 2', 1);

-- --------------------------------------------------------

--
-- Cấu trúc bảng cho bảng `seats`
--

CREATE TABLE `seats` (
  `ID` int(11) NOT NULL,
  `RoomID` int(11) NOT NULL,
  `Row` varchar(1) COLLATE utf8_unicode_ci NOT NULL,
  `Seat` int(11) NOT NULL,
  `TicketTypeID` int(11) NOT NULL,
  `Cost` float NOT NULL,
  `Status` tinyint(1) NOT NULL
) ENGINE=InnoDB DEFAULT CHARSET=utf8 COLLATE=utf8_unicode_ci;

--
-- Đang đổ dữ liệu cho bảng `seats`
--

INSERT INTO `seats` (`ID`, `RoomID`, `Row`, `Seat`, `TicketTypeID`, `Cost`, `Status`) VALUES
(1, 2, 'A', 1, 2, 130000, 1),
(2, 2, 'A', 2, 2, 130000, 1),
(3, 2, 'A', 3, 2, 130000, 1),
(4, 2, 'A', 4, 2, 130000, 1),
(5, 2, 'A', 5, 2, 130000, 1),
(6, 2, 'A', 6, 2, 130000, 1),
(7, 2, 'A', 7, 2, 130000, 1),
(8, 2, 'A', 8, 2, 130000, 1),
(9, 2, 'A', 9, 2, 130000, 1),
(10, 2, 'A', 10, 2, 130000, 1),
(11, 2, 'B', 1, 2, 130000, 1),
(12, 2, 'B', 2, 2, 130000, 1),
(13, 2, 'B', 3, 2, 130000, 1),
(14, 2, 'B', 4, 2, 130000, 1),
(15, 2, 'B', 5, 2, 130000, 1),
(16, 2, 'B', 6, 2, 130000, 1),
(17, 2, 'B', 7, 2, 130000, 1),
(18, 2, 'B', 8, 2, 130000, 1),
(19, 2, 'B', 9, 2, 130000, 1),
(20, 2, 'B', 10, 2, 130000, 1),
(21, 2, 'C', 1, 2, 130000, 1),
(22, 2, 'C', 2, 2, 130000, 1),
(23, 2, 'C', 3, 2, 130000, 1),
(24, 2, 'C', 4, 2, 130000, 1),
(25, 2, 'C', 5, 2, 130000, 1),
(26, 2, 'C', 6, 2, 130000, 1),
(27, 2, 'C', 7, 2, 130000, 1),
(28, 2, 'C', 8, 2, 130000, 1),
(29, 2, 'C', 9, 2, 130000, 1),
(30, 2, 'C', 10, 2, 130000, 1),
(31, 1, 'A', 1, 1, 110000, 1),
(32, 1, 'A', 2, 1, 110000, 1),
(33, 1, 'A', 3, 1, 110000, 1),
(34, 1, 'A', 4, 1, 110000, 1),
(35, 1, 'A', 5, 1, 110000, 1),
(36, 1, 'A', 6, 1, 110000, 1),
(37, 1, 'A', 7, 1, 110000, 1),
(38, 1, 'A', 8, 1, 110000, 1),
(39, 1, 'A', 9, 1, 110000, 1),
(40, 1, 'A', 10, 1, 110000, 1),
(41, 1, 'B', 1, 1, 110000, 1),
(42, 1, 'B', 2, 1, 110000, 1),
(43, 1, 'B', 3, 1, 110000, 1),
(44, 1, 'B', 4, 1, 110000, 1),
(45, 1, 'B', 5, 1, 110000, 1),
(46, 1, 'B', 6, 1, 110000, 1),
(47, 1, 'B', 7, 1, 110000, 1),
(48, 1, 'B', 8, 1, 110000, 1),
(49, 1, 'B', 9, 1, 110000, 1),
(50, 1, 'B', 10, 1, 110000, 1),
(51, 1, 'C', 1, 1, 110000, 1),
(52, 1, 'C', 2, 1, 110000, 1),
(53, 1, 'C', 3, 1, 110000, 1),
(54, 1, 'C', 4, 1, 110000, 1),
(55, 1, 'C', 5, 1, 110000, 1),
(56, 1, 'C', 6, 1, 110000, 1),
(57, 1, 'C', 7, 1, 110000, 1),
(58, 1, 'C', 8, 1, 110000, 1),
(59, 1, 'C', 9, 1, 110000, 1),
(60, 1, 'C', 10, 1, 110000, 1);

-- --------------------------------------------------------

--
-- Cấu trúc bảng cho bảng `showtimedetails`
--

CREATE TABLE `showtimedetails` (
  `ID` int(11) NOT NULL,
  `ShowtimeID` int(11) NOT NULL,
  `SeatID` int(11) NOT NULL,
  `Status` tinyint(1) NOT NULL
) ENGINE=InnoDB DEFAULT CHARSET=utf8 COLLATE=utf8_unicode_ci;

--
-- Đang đổ dữ liệu cho bảng `showtimedetails`
--

INSERT INTO `showtimedetails` (`ID`, `ShowtimeID`, `SeatID`, `Status`) VALUES
(1, 1, 1, 1),
(2, 1, 2, 1),
(3, 1, 3, 1),
(4, 1, 4, 1),
(5, 1, 5, 1),
(6, 1, 6, 1),
(7, 1, 7, 1),
(8, 1, 8, 1),
(9, 1, 9, 1),
(10, 1, 10, 1),
(11, 1, 11, 1),
(12, 1, 12, 1),
(13, 1, 13, 1),
(14, 1, 14, 1),
(15, 1, 15, 1),
(16, 1, 16, 1),
(17, 1, 17, 1),
(18, 1, 18, 1),
(19, 1, 19, 1),
(20, 1, 20, 1),
(21, 1, 21, 1),
(22, 1, 22, 1),
(23, 1, 23, 1),
(24, 1, 24, 1),
(25, 1, 25, 1),
(26, 1, 26, 1),
(27, 1, 27, 1),
(28, 1, 28, 1),
(29, 1, 29, 1),
(30, 1, 30, 1),
(31, 2, 1, 1),
(32, 2, 2, 1),
(33, 2, 3, 1),
(34, 2, 4, 1),
(35, 2, 5, 1),
(36, 2, 6, 1),
(37, 2, 7, 1),
(38, 2, 8, 1),
(39, 2, 9, 1),
(40, 2, 10, 1),
(41, 2, 11, 1),
(42, 2, 12, 1),
(43, 2, 13, 1),
(44, 2, 14, 1),
(45, 2, 15, 1),
(46, 2, 16, 1),
(47, 2, 17, 1),
(48, 2, 18, 1),
(49, 2, 19, 1),
(50, 2, 20, 1),
(51, 2, 21, 1),
(52, 2, 22, 1),
(53, 2, 23, 1),
(54, 2, 24, 1),
(55, 2, 25, 1),
(56, 2, 26, 1),
(57, 2, 27, 1),
(58, 2, 28, 1),
(59, 2, 29, 1),
(60, 2, 30, 1),
(61, 3, 1, 1),
(62, 3, 2, 1),
(63, 3, 3, 1),
(64, 3, 4, 1),
(65, 3, 5, 1),
(66, 3, 6, 1),
(67, 3, 7, 1),
(68, 3, 8, 0),
(69, 3, 9, 0),
(70, 3, 10, 0),
(71, 3, 11, 1),
(72, 3, 12, 1),
(73, 3, 13, 1),
(74, 3, 14, 1),
(75, 3, 15, 1),
(76, 3, 16, 1),
(77, 3, 17, 1),
(78, 3, 18, 0),
(79, 3, 19, 0),
(80, 3, 20, 0),
(81, 3, 21, 1),
(82, 3, 22, 1),
(83, 3, 23, 1),
(84, 3, 24, 1),
(85, 3, 25, 1),
(86, 3, 26, 1),
(87, 3, 27, 1),
(88, 3, 28, 0),
(89, 3, 29, 0),
(90, 3, 30, 0),
(91, 4, 1, 1),
(92, 4, 2, 1),
(93, 4, 3, 1),
(94, 4, 4, 1),
(95, 4, 5, 1),
(96, 4, 6, 1),
(97, 4, 7, 1),
(98, 4, 8, 1),
(99, 4, 9, 0),
(100, 4, 10, 0),
(101, 4, 11, 1),
(102, 4, 12, 1),
(103, 4, 13, 1),
(104, 4, 14, 1),
(105, 4, 15, 1),
(106, 4, 16, 1),
(107, 4, 17, 1),
(108, 4, 18, 1),
(109, 4, 19, 0),
(110, 4, 20, 0),
(111, 4, 21, 1),
(112, 4, 22, 1),
(113, 4, 23, 1),
(114, 4, 24, 1),
(115, 4, 25, 1),
(116, 4, 26, 1),
(117, 4, 27, 1),
(118, 4, 28, 1),
(119, 4, 29, 0),
(120, 4, 30, 0),
(121, 5, 1, 0),
(122, 5, 2, 0),
(123, 5, 3, 0),
(124, 5, 4, 0),
(125, 5, 5, 0),
(126, 5, 6, 0),
(127, 5, 7, 0),
(128, 5, 8, 0),
(129, 5, 9, 0),
(130, 5, 10, 0),
(131, 5, 11, 0),
(132, 5, 12, 0),
(133, 5, 13, 1),
(134, 5, 14, 1),
(135, 5, 15, 1),
(136, 5, 16, 0),
(137, 5, 17, 0),
(138, 5, 18, 0),
(139, 5, 19, 0),
(140, 5, 20, 0),
(141, 5, 21, 0),
(142, 5, 22, 0),
(143, 5, 23, 1),
(144, 5, 24, 1),
(145, 5, 25, 1),
(146, 5, 26, 1),
(147, 5, 27, 1),
(148, 5, 28, 1),
(149, 5, 29, 0),
(150, 5, 30, 0),
(151, 6, 1, 0),
(152, 6, 2, 0),
(153, 6, 3, 0),
(154, 6, 4, 0),
(155, 6, 5, 0),
(156, 6, 6, 1),
(157, 6, 7, 0),
(158, 6, 8, 0),
(159, 6, 9, 0),
(160, 6, 10, 0),
(161, 6, 11, 1),
(162, 6, 12, 1),
(163, 6, 13, 1),
(164, 6, 14, 1),
(165, 6, 15, 0),
(166, 6, 16, 1),
(167, 6, 17, 1),
(168, 6, 18, 1),
(169, 6, 19, 1),
(170, 6, 20, 1),
(171, 6, 21, 1),
(172, 6, 22, 1),
(173, 6, 23, 1),
(174, 6, 24, 1),
(175, 6, 25, 0),
(176, 6, 26, 1),
(177, 6, 27, 1),
(178, 6, 28, 0),
(179, 6, 29, 0),
(180, 6, 30, 1),
(181, 7, 1, 0),
(182, 7, 2, 0),
(183, 7, 3, 1),
(184, 7, 4, 0),
(185, 7, 5, 0),
(186, 7, 6, 1),
(187, 7, 7, 0),
(188, 7, 8, 0),
(189, 7, 9, 1),
(190, 7, 10, 1),
(191, 7, 11, 1),
(192, 7, 12, 1),
(193, 7, 13, 1),
(194, 7, 14, 1),
(195, 7, 15, 0),
(196, 7, 16, 1),
(197, 7, 17, 1),
(198, 7, 18, 1),
(199, 7, 19, 0),
(200, 7, 20, 1),
(201, 7, 21, 1),
(202, 7, 22, 1),
(203, 7, 23, 1),
(204, 7, 24, 1),
(205, 7, 25, 0),
(206, 7, 26, 1),
(207, 7, 27, 1),
(208, 7, 28, 1),
(209, 7, 29, 0),
(210, 7, 30, 1),
(211, 8, 1, 0),
(212, 8, 2, 1),
(213, 8, 3, 1),
(214, 8, 4, 0),
(215, 8, 5, 0),
(216, 8, 6, 1),
(217, 8, 7, 1),
(218, 8, 8, 0),
(219, 8, 9, 1),
(220, 8, 10, 0),
(221, 8, 11, 0),
(222, 8, 12, 1),
(223, 8, 13, 1),
(224, 8, 14, 1),
(225, 8, 15, 1),
(226, 8, 16, 1),
(227, 8, 17, 1),
(228, 8, 18, 1),
(229, 8, 19, 1),
(230, 8, 20, 0),
(231, 8, 21, 0),
(232, 8, 22, 1),
(233, 8, 23, 1),
(234, 8, 24, 1),
(235, 8, 25, 1),
(236, 8, 26, 1),
(237, 8, 27, 1),
(238, 8, 28, 1),
(239, 8, 29, 1),
(240, 8, 30, 0),
(241, 9, 1, 0),
(242, 9, 2, 0),
(243, 9, 3, 0),
(244, 9, 4, 0),
(245, 9, 5, 0),
(246, 9, 6, 0),
(247, 9, 7, 0),
(248, 9, 8, 0),
(249, 9, 9, 0),
(250, 9, 10, 0),
(251, 9, 11, 0),
(252, 9, 12, 0),
(253, 9, 13, 0),
(254, 9, 14, 0),
(255, 9, 15, 0),
(256, 9, 16, 0),
(257, 9, 17, 0),
(258, 9, 18, 0),
(259, 9, 19, 0),
(260, 9, 20, 0),
(261, 9, 21, 0),
(262, 9, 22, 0),
(263, 9, 23, 0),
(264, 9, 24, 0),
(265, 9, 25, 0),
(266, 9, 26, 0),
(267, 9, 27, 0),
(268, 9, 28, 0),
(269, 9, 29, 0),
(270, 9, 30, 0),
(271, 10, 1, 0),
(272, 10, 2, 0),
(273, 10, 3, 0),
(274, 10, 4, 0),
(275, 10, 5, 0),
(276, 10, 6, 0),
(277, 10, 7, 0),
(278, 10, 8, 0),
(279, 10, 9, 0),
(280, 10, 10, 0),
(281, 10, 11, 0),
(282, 10, 12, 0),
(283, 10, 13, 0),
(284, 10, 14, 0),
(285, 10, 15, 0),
(286, 10, 16, 0),
(287, 10, 17, 0),
(288, 10, 18, 0),
(289, 10, 19, 0),
(290, 10, 20, 0),
(291, 10, 21, 0),
(292, 10, 22, 0),
(293, 10, 23, 0),
(294, 10, 24, 0),
(295, 10, 25, 0),
(296, 10, 26, 0),
(297, 10, 27, 0),
(298, 10, 28, 0),
(299, 10, 29, 0),
(300, 10, 30, 0),
(301, 11, 1, 0),
(302, 11, 2, 0),
(303, 11, 3, 0),
(304, 11, 4, 0),
(305, 11, 5, 0),
(306, 11, 6, 0),
(307, 11, 7, 0),
(308, 11, 8, 0),
(309, 11, 9, 0),
(310, 11, 10, 0),
(311, 11, 11, 1),
(312, 11, 12, 1),
(313, 11, 13, 0),
(314, 11, 14, 1),
(315, 11, 15, 1),
(316, 11, 16, 0),
(317, 11, 17, 0),
(318, 11, 18, 0),
(319, 11, 19, 0),
(320, 11, 20, 0),
(321, 11, 21, 0),
(322, 11, 22, 0),
(323, 11, 23, 1),
(324, 11, 24, 1),
(325, 11, 25, 0),
(326, 11, 26, 0),
(327, 11, 27, 0),
(328, 11, 28, 0),
(329, 11, 29, 0),
(330, 11, 30, 0),
(331, 12, 1, 0),
(332, 12, 2, 0),
(333, 12, 3, 0),
(334, 12, 4, 0),
(335, 12, 5, 1),
(336, 12, 6, 1),
(337, 12, 7, 1),
(338, 12, 8, 0),
(339, 12, 9, 0),
(340, 12, 10, 0),
(341, 12, 11, 0),
(342, 12, 12, 0),
(343, 12, 13, 0),
(344, 12, 14, 1),
(345, 12, 15, 1),
(346, 12, 16, 1),
(347, 12, 17, 1),
(348, 12, 18, 0),
(349, 12, 19, 0),
(350, 12, 20, 0),
(351, 12, 21, 0),
(352, 12, 22, 0),
(353, 12, 23, 0),
(354, 12, 24, 1),
(355, 12, 25, 1),
(356, 12, 26, 1),
(357, 12, 27, 1),
(358, 12, 28, 0),
(359, 12, 29, 0),
(360, 12, 30, 0),
(361, 13, 1, 0),
(362, 13, 2, 0),
(363, 13, 3, 0),
(364, 13, 4, 0),
(365, 13, 5, 0),
(366, 13, 6, 0),
(367, 13, 7, 0),
(368, 13, 8, 0),
(369, 13, 9, 0),
(370, 13, 10, 0),
(371, 13, 11, 1),
(372, 13, 12, 1),
(373, 13, 13, 1),
(374, 13, 14, 1),
(375, 13, 15, 1),
(376, 13, 16, 1),
(377, 13, 17, 1),
(378, 13, 18, 1),
(379, 13, 19, 1),
(380, 13, 20, 1),
(381, 13, 21, 1),
(382, 13, 22, 1),
(383, 13, 23, 1),
(384, 13, 24, 1),
(385, 13, 25, 1),
(386, 13, 26, 1),
(387, 13, 27, 1),
(388, 13, 28, 1),
(389, 13, 29, 1),
(390, 13, 30, 1),
(391, 14, 1, 1),
(392, 14, 2, 1),
(393, 14, 3, 1),
(394, 14, 4, 0),
(395, 14, 5, 1),
(396, 14, 6, 1),
(397, 14, 7, 1),
(398, 14, 8, 1),
(399, 14, 9, 0),
(400, 14, 10, 1),
(401, 14, 11, 1),
(402, 14, 12, 1),
(403, 14, 13, 1),
(404, 14, 14, 0),
(405, 14, 15, 1),
(406, 14, 16, 1),
(407, 14, 17, 1),
(408, 14, 18, 1),
(409, 14, 19, 0),
(410, 14, 20, 1),
(411, 14, 21, 1),
(412, 14, 22, 1),
(413, 14, 23, 1),
(414, 14, 24, 1),
(415, 14, 25, 1),
(416, 14, 26, 1),
(417, 14, 27, 1),
(418, 14, 28, 1),
(419, 14, 29, 1),
(420, 14, 30, 1),
(421, 15, 1, 1),
(422, 15, 2, 1),
(423, 15, 3, 1),
(424, 15, 4, 1),
(425, 15, 5, 1),
(426, 15, 6, 1),
(427, 15, 7, 1),
(428, 15, 8, 1),
(429, 15, 9, 1),
(430, 15, 10, 1),
(431, 15, 11, 1),
(432, 15, 12, 1),
(433, 15, 13, 1),
(434, 15, 14, 1),
(435, 15, 15, 1),
(436, 15, 16, 1),
(437, 15, 17, 1),
(438, 15, 18, 1),
(439, 15, 19, 1),
(440, 15, 20, 1),
(441, 15, 21, 1),
(442, 15, 22, 1),
(443, 15, 23, 1),
(444, 15, 24, 1),
(445, 15, 25, 1),
(446, 15, 26, 1),
(447, 15, 27, 1),
(448, 15, 28, 1),
(449, 15, 29, 1),
(450, 15, 30, 1),
(451, 16, 1, 0),
(452, 16, 2, 1),
(453, 16, 3, 1),
(454, 16, 4, 0),
(455, 16, 5, 1),
(456, 16, 6, 0),
(457, 16, 7, 0),
(458, 16, 8, 1),
(459, 16, 9, 1),
(460, 16, 10, 1),
(461, 16, 11, 1),
(462, 16, 12, 1),
(463, 16, 13, 1),
(464, 16, 14, 1),
(465, 16, 15, 1),
(466, 16, 16, 1),
(467, 16, 17, 1),
(468, 16, 18, 1),
(469, 16, 19, 1),
(470, 16, 20, 1),
(471, 16, 21, 1),
(472, 16, 22, 1),
(473, 16, 23, 1),
(474, 16, 24, 1),
(475, 16, 25, 1),
(476, 16, 26, 1),
(477, 16, 27, 1),
(478, 16, 28, 1),
(479, 16, 29, 1),
(480, 16, 30, 1),
(481, 17, 1, 0),
(482, 17, 2, 0),
(483, 17, 3, 0),
(484, 17, 4, 0),
(485, 17, 5, 0),
(486, 17, 6, 0),
(487, 17, 7, 0),
(488, 17, 8, 0),
(489, 17, 9, 0),
(490, 17, 10, 0),
(491, 17, 11, 0),
(492, 17, 12, 1),
(493, 17, 13, 0),
(494, 17, 14, 1),
(495, 17, 15, 1),
(496, 17, 16, 1),
(497, 17, 17, 1),
(498, 17, 18, 1),
(499, 17, 19, 1),
(500, 17, 20, 0),
(501, 17, 21, 0),
(502, 17, 22, 1),
(503, 17, 23, 0),
(504, 17, 24, 1),
(505, 17, 25, 1),
(506, 17, 26, 1),
(507, 17, 27, 1),
(508, 17, 28, 1),
(509, 17, 29, 1),
(510, 17, 30, 0),
(511, 18, 1, 0),
(512, 18, 2, 0),
(513, 18, 3, 1),
(514, 18, 4, 1),
(515, 18, 5, 0),
(516, 18, 6, 0),
(517, 18, 7, 1),
(518, 18, 8, 0),
(519, 18, 9, 0),
(520, 18, 10, 0),
(521, 18, 11, 1),
(522, 18, 12, 1),
(523, 18, 13, 1),
(524, 18, 14, 1),
(525, 18, 15, 1),
(526, 18, 16, 1),
(527, 18, 17, 1),
(528, 18, 18, 1),
(529, 18, 19, 1),
(530, 18, 20, 1),
(531, 18, 21, 1),
(532, 18, 22, 1),
(533, 18, 23, 1),
(534, 18, 24, 1),
(535, 18, 25, 1),
(536, 18, 26, 1),
(537, 18, 27, 1),
(538, 18, 28, 1),
(539, 18, 29, 1),
(540, 18, 30, 1),
(541, 19, 1, 0),
(542, 19, 2, 0),
(543, 19, 3, 0),
(544, 19, 4, 0),
(545, 19, 5, 0),
(546, 19, 6, 0),
(547, 19, 7, 0),
(548, 19, 8, 0),
(549, 19, 9, 0),
(550, 19, 10, 0),
(551, 19, 11, 0),
(552, 19, 12, 0),
(553, 19, 13, 1),
(554, 19, 14, 1),
(555, 19, 15, 1),
(556, 19, 16, 1),
(557, 19, 17, 1),
(558, 19, 18, 1),
(559, 19, 19, 1),
(560, 19, 20, 0),
(561, 19, 21, 0),
(562, 19, 22, 0),
(563, 19, 23, 1),
(564, 19, 24, 1),
(565, 19, 25, 1),
(566, 19, 26, 1),
(567, 19, 27, 1),
(568, 19, 28, 1),
(569, 19, 29, 1),
(570, 19, 30, 0),
(571, 20, 1, 0),
(572, 20, 2, 0),
(573, 20, 3, 0),
(574, 20, 4, 0),
(575, 20, 5, 0),
(576, 20, 6, 0),
(577, 20, 7, 0),
(578, 20, 8, 0),
(579, 20, 9, 0),
(580, 20, 10, 0),
(581, 20, 11, 1),
(582, 20, 12, 1),
(583, 20, 13, 1),
(584, 20, 14, 0),
(585, 20, 15, 1),
(586, 20, 16, 1),
(587, 20, 17, 0),
(588, 20, 18, 0),
(589, 20, 19, 0),
(590, 20, 20, 0),
(591, 20, 21, 0),
(592, 20, 22, 0),
(593, 20, 23, 1),
(594, 20, 24, 0),
(595, 20, 25, 1),
(596, 20, 26, 1),
(597, 20, 27, 0),
(598, 20, 28, 0),
(599, 20, 29, 0),
(600, 20, 30, 0),
(601, 21, 1, 0),
(602, 21, 2, 0),
(603, 21, 3, 0),
(604, 21, 4, 0),
(605, 21, 5, 0),
(606, 21, 6, 0),
(607, 21, 7, 0),
(608, 21, 8, 0),
(609, 21, 9, 0),
(610, 21, 10, 0),
(611, 21, 11, 0),
(612, 21, 12, 0),
(613, 21, 13, 0),
(614, 21, 14, 0),
(615, 21, 15, 0),
(616, 21, 16, 1),
(617, 21, 17, 1),
(618, 21, 18, 1),
(619, 21, 19, 0),
(620, 21, 20, 0),
(621, 21, 21, 0),
(622, 21, 22, 0),
(623, 21, 23, 0),
(624, 21, 24, 0),
(625, 21, 25, 0),
(626, 21, 26, 1),
(627, 21, 27, 1),
(628, 21, 28, 1),
(629, 21, 29, 0),
(630, 21, 30, 0),
(631, 22, 1, 0),
(632, 22, 2, 0),
(633, 22, 3, 0),
(634, 22, 4, 0),
(635, 22, 5, 0),
(636, 22, 6, 0),
(637, 22, 7, 0),
(638, 22, 8, 0),
(639, 22, 9, 0),
(640, 22, 10, 0),
(641, 22, 11, 1),
(642, 22, 12, 1),
(643, 22, 13, 1),
(644, 22, 14, 0),
(645, 22, 15, 0),
(646, 22, 16, 0),
(647, 22, 17, 0),
(648, 22, 18, 1),
(649, 22, 19, 1),
(650, 22, 20, 0),
(651, 22, 21, 1),
(652, 22, 22, 1),
(653, 22, 23, 1),
(654, 22, 24, 0),
(655, 22, 25, 0),
(656, 22, 26, 0),
(657, 22, 27, 0),
(658, 22, 28, 1),
(659, 22, 29, 1),
(660, 22, 30, 0),
(661, 23, 1, 0),
(662, 23, 2, 0),
(663, 23, 3, 0),
(664, 23, 4, 0),
(665, 23, 5, 0),
(666, 23, 6, 0),
(667, 23, 7, 0),
(668, 23, 8, 0),
(669, 23, 9, 0),
(670, 23, 10, 0),
(671, 23, 11, 0),
(672, 23, 12, 0),
(673, 23, 13, 0),
(674, 23, 14, 0),
(675, 23, 15, 0),
(676, 23, 16, 0),
(677, 23, 17, 0),
(678, 23, 18, 0),
(679, 23, 19, 0),
(680, 23, 20, 0),
(681, 23, 21, 0),
(682, 23, 22, 0),
(683, 23, 23, 0),
(684, 23, 24, 0),
(685, 23, 25, 0),
(686, 23, 26, 0),
(687, 23, 27, 0),
(688, 23, 28, 0),
(689, 23, 29, 0),
(690, 23, 30, 0),
(691, 24, 1, 0),
(692, 24, 2, 0),
(693, 24, 3, 0),
(694, 24, 4, 0),
(695, 24, 5, 0),
(696, 24, 6, 0),
(697, 24, 7, 0),
(698, 24, 8, 0),
(699, 24, 9, 0),
(700, 24, 10, 0),
(701, 24, 11, 0),
(702, 24, 12, 0),
(703, 24, 13, 0),
(704, 24, 14, 0),
(705, 24, 15, 0),
(706, 24, 16, 0),
(707, 24, 17, 0),
(708, 24, 18, 0),
(709, 24, 19, 0),
(710, 24, 20, 0),
(711, 24, 21, 0),
(712, 24, 22, 0),
(713, 24, 23, 0),
(714, 24, 24, 0),
(715, 24, 25, 0),
(716, 24, 26, 0),
(717, 24, 27, 0),
(718, 24, 28, 0),
(719, 24, 29, 0),
(720, 24, 30, 0),
(772, 25, 31, 1),
(773, 25, 32, 1),
(774, 25, 33, 1),
(775, 25, 34, 1),
(776, 25, 35, 1),
(777, 25, 36, 0),
(778, 25, 37, 1),
(779, 25, 38, 1),
(780, 25, 39, 0),
(781, 25, 40, 0),
(782, 25, 41, 1),
(783, 25, 42, 1),
(784, 25, 43, 0),
(785, 25, 44, 1),
(786, 25, 45, 1),
(787, 25, 46, 1),
(788, 25, 47, 1),
(789, 25, 48, 1),
(790, 25, 49, 1),
(791, 25, 50, 1),
(792, 25, 51, 1),
(793, 25, 52, 1),
(794, 25, 53, 1),
(795, 25, 54, 1),
(796, 25, 55, 1),
(797, 25, 56, 1),
(798, 25, 57, 1),
(799, 25, 58, 1),
(800, 25, 59, 1),
(801, 25, 60, 1),
(927, 32, 31, 0),
(928, 32, 32, 0),
(929, 32, 33, 0),
(930, 32, 34, 0),
(931, 32, 35, 0),
(932, 32, 36, 0),
(933, 32, 37, 0),
(934, 32, 38, 0),
(935, 32, 39, 0),
(936, 32, 40, 0),
(937, 32, 41, 0),
(938, 32, 42, 0),
(939, 32, 43, 0),
(940, 32, 44, 0),
(941, 32, 45, 0),
(942, 32, 46, 0),
(943, 32, 47, 0),
(944, 32, 48, 0),
(945, 32, 49, 0),
(946, 32, 50, 0),
(947, 32, 51, 0),
(948, 32, 52, 0),
(949, 32, 53, 0),
(950, 32, 54, 0),
(951, 32, 55, 0),
(952, 32, 56, 0),
(953, 32, 57, 0),
(954, 32, 58, 0),
(955, 32, 59, 0),
(956, 32, 60, 0),
(957, 33, 31, 0),
(958, 33, 32, 0),
(959, 33, 33, 0),
(960, 33, 34, 0),
(961, 33, 35, 0),
(962, 33, 36, 0),
(963, 33, 37, 0),
(964, 33, 38, 0),
(965, 33, 39, 0),
(966, 33, 40, 0),
(967, 33, 41, 0),
(968, 33, 42, 1),
(969, 33, 43, 1),
(970, 33, 44, 1),
(971, 33, 45, 0),
(972, 33, 46, 0),
(973, 33, 47, 0),
(974, 33, 48, 0),
(975, 33, 49, 0),
(976, 33, 50, 0),
(977, 33, 51, 0),
(978, 33, 52, 0),
(979, 33, 53, 0),
(980, 33, 54, 1),
(981, 33, 55, 0),
(982, 33, 56, 0),
(983, 33, 57, 0),
(984, 33, 58, 0),
(985, 33, 59, 0),
(986, 33, 60, 0),
(987, 34, 31, 0),
(988, 34, 32, 0),
(989, 34, 33, 0),
(990, 34, 34, 0),
(991, 34, 35, 0),
(992, 34, 36, 0),
(993, 34, 37, 0),
(994, 34, 38, 0),
(995, 34, 39, 0),
(996, 34, 40, 0),
(997, 34, 41, 0),
(998, 34, 42, 0),
(999, 34, 43, 0),
(1000, 34, 44, 0),
(1001, 34, 45, 0),
(1002, 34, 46, 0),
(1003, 34, 47, 0),
(1004, 34, 48, 0),
(1005, 34, 49, 0),
(1006, 34, 50, 0),
(1007, 34, 51, 0),
(1008, 34, 52, 0),
(1009, 34, 53, 0),
(1010, 34, 54, 0),
(1011, 34, 55, 0),
(1012, 34, 56, 0),
(1013, 34, 57, 0),
(1014, 34, 58, 0),
(1015, 34, 59, 0),
(1016, 34, 60, 0),
(1017, 31, 31, 0),
(1018, 31, 32, 0),
(1019, 31, 33, 0),
(1020, 31, 34, 0),
(1021, 31, 35, 0),
(1022, 31, 36, 1),
(1023, 31, 37, 0),
(1024, 31, 38, 0),
(1025, 31, 39, 1),
(1026, 31, 40, 0),
(1027, 31, 41, 1),
(1028, 31, 42, 0),
(1029, 31, 43, 1),
(1030, 31, 44, 1),
(1031, 31, 45, 1),
(1032, 31, 46, 1),
(1033, 31, 47, 1),
(1034, 31, 48, 1),
(1035, 31, 49, 1),
(1036, 31, 50, 0),
(1037, 31, 51, 0),
(1038, 31, 52, 1),
(1039, 31, 53, 1),
(1040, 31, 54, 0),
(1041, 31, 55, 0),
(1042, 31, 56, 1),
(1043, 31, 57, 1),
(1044, 31, 58, 0),
(1045, 31, 59, 0),
(1046, 31, 60, 0);

-- --------------------------------------------------------

--
-- Cấu trúc bảng cho bảng `showtimes`
--

CREATE TABLE `showtimes` (
  `ID` int(11) NOT NULL,
  `MovieID` int(11) NOT NULL,
  `StartTime` datetime NOT NULL,
  `Status` tinyint(1) NOT NULL
) ENGINE=InnoDB DEFAULT CHARSET=utf8 COLLATE=utf8_unicode_ci;

--
-- Đang đổ dữ liệu cho bảng `showtimes`
--

INSERT INTO `showtimes` (`ID`, `MovieID`, `StartTime`, `Status`) VALUES
(1, 1, '2020-02-01 18:00:00', 1),
(2, 1, '2020-02-06 20:00:00', 1),
(3, 1, '2020-02-10 22:00:00', 1),
(4, 1, '2020-02-14 23:00:00', 1),
(5, 1, '2020-02-25 18:00:00', 1),
(6, 1, '2020-03-12 20:00:00', 1),
(7, 1, '2020-03-22 20:00:00', 1),
(8, 1, '2020-04-18 22:00:00', 1),
(9, 1, '2020-04-26 23:00:00', 1),
(10, 1, '2020-05-20 23:00:00', 1),
(11, 2, '2020-03-06 18:00:00', 1),
(12, 2, '2020-03-29 20:00:00', 1),
(13, 2, '2020-04-29 22:00:00', 1),
(14, 2, '2020-05-02 23:00:00', 1),
(15, 3, '2020-05-13 18:00:00', 1),
(16, 3, '2020-05-13 23:00:00', 1),
(17, 3, '2020-05-19 20:00:00', 1),
(18, 3, '2020-05-27 22:00:00', 1),
(19, 3, '2020-06-05 23:00:00', 1),
(20, 3, '2020-06-12 18:00:00', 1),
(21, 3, '2020-06-18 20:00:00', 1),
(22, 3, '2020-07-02 21:00:00', 1),
(23, 3, '2020-07-10 22:00:00', 1),
(24, 3, '2020-07-15 23:00:00', 1),
(25, 14, '2020-07-11 18:00:00', 1),
(31, 14, '2020-07-11 22:30:00', 1),
(32, 14, '2020-07-22 21:30:00', 1),
(33, 14, '2020-08-20 10:30:00', 1),
(34, 14, '2020-08-20 20:30:00', 1);

-- --------------------------------------------------------

--
-- Cấu trúc bảng cho bảng `tickets`
--

CREATE TABLE `tickets` (
  `ID` int(11) NOT NULL,
  `Code` varchar(50) COLLATE utf8_unicode_ci NOT NULL,
  `EmployeeID` int(11) NOT NULL,
  `CustomerID` int(11) DEFAULT NULL,
  `ShowtimeDetailID` int(11) NOT NULL,
  `BookTime` datetime NOT NULL,
  `PromotionID` int(11) DEFAULT NULL,
  `VoucherID` int(11) DEFAULT NULL,
  `Cost` float NOT NULL,
  `Status` tinyint(1) NOT NULL
) ENGINE=InnoDB DEFAULT CHARSET=utf8 COLLATE=utf8_unicode_ci;

--
-- Đang đổ dữ liệu cho bảng `tickets`
--

INSERT INTO `tickets` (`ID`, `Code`, `EmployeeID`, `CustomerID`, `ShowtimeDetailID`, `BookTime`, `PromotionID`, `VoucherID`, `Cost`, `Status`) VALUES
(1, '', 4, NULL, 11, '0000-00-00 00:00:00', NULL, NULL, 110000, 1),
(2, '', 4, NULL, 21, '0000-00-00 00:00:00', NULL, NULL, 110000, 1),
(3, '', 4, NULL, 1, '0000-00-00 00:00:00', NULL, NULL, 110000, 1),
(4, '', 4, NULL, 2, '0000-00-00 00:00:00', NULL, NULL, 110000, 1),
(5, '', 4, NULL, 12, '0000-00-00 00:00:00', NULL, NULL, 110000, 1),
(6, '', 4, NULL, 22, '0000-00-00 00:00:00', NULL, NULL, 110000, 1),
(7, '', 4, NULL, 23, '0000-00-00 00:00:00', NULL, NULL, 110000, 1),
(8, '', 4, NULL, 13, '0000-00-00 00:00:00', NULL, NULL, 110000, 1),
(9, '', 4, NULL, 3, '0000-00-00 00:00:00', NULL, NULL, 110000, 1),
(10, '', 4, NULL, 14, '0000-00-00 00:00:00', NULL, NULL, 110000, 1),
(11, '', 4, NULL, 24, '0000-00-00 00:00:00', NULL, NULL, 110000, 1),
(12, '', 4, NULL, 25, '0000-00-00 00:00:00', NULL, NULL, 110000, 1),
(13, '', 4, NULL, 15, '0000-00-00 00:00:00', NULL, NULL, 110000, 1),
(14, '', 4, NULL, 4, '0000-00-00 00:00:00', NULL, NULL, 110000, 1),
(15, '', 4, NULL, 5, '0000-00-00 00:00:00', NULL, NULL, 110000, 1),
(16, '', 4, NULL, 26, '0000-00-00 00:00:00', NULL, NULL, 110000, 1),
(17, '', 4, NULL, 16, '0000-00-00 00:00:00', NULL, NULL, 110000, 1),
(18, '', 4, NULL, 17, '0000-00-00 00:00:00', NULL, NULL, 110000, 1),
(19, '', 4, NULL, 27, '0000-00-00 00:00:00', NULL, NULL, 110000, 1),
(20, '', 4, NULL, 28, '0000-00-00 00:00:00', NULL, NULL, 110000, 1),
(21, '', 4, 1, 29, '0000-00-00 00:00:00', NULL, NULL, 110000, 1),
(22, '', 4, 1, 19, '0000-00-00 00:00:00', NULL, NULL, 110000, 1),
(23, '', 4, 1, 9, '0000-00-00 00:00:00', NULL, NULL, 110000, 1),
(24, '', 4, 2, 20, '0000-00-00 00:00:00', NULL, NULL, 110000, 1),
(25, '', 4, 2, 10, '0000-00-00 00:00:00', NULL, NULL, 110000, 1),
(26, '', 4, 2, 30, '0000-00-00 00:00:00', NULL, NULL, 110000, 1),
(27, '', 4, NULL, 18, '0000-00-00 00:00:00', NULL, NULL, 110000, 1),
(28, '', 4, NULL, 8, '0000-00-00 00:00:00', NULL, NULL, 110000, 1),
(29, '', 4, NULL, 7, '0000-00-00 00:00:00', NULL, NULL, 110000, 1),
(30, '', 4, NULL, 6, '0000-00-00 00:00:00', NULL, NULL, 110000, 1),
(31, '', 4, NULL, 51, '0000-00-00 00:00:00', NULL, NULL, 110000, 1),
(32, '', 4, NULL, 41, '0000-00-00 00:00:00', NULL, NULL, 110000, 1),
(33, '', 4, NULL, 31, '0000-00-00 00:00:00', NULL, NULL, 110000, 1),
(34, '', 4, NULL, 32, '0000-00-00 00:00:00', NULL, NULL, 110000, 1),
(35, '', 4, NULL, 42, '0000-00-00 00:00:00', NULL, NULL, 110000, 1),
(36, '', 4, NULL, 52, '0000-00-00 00:00:00', NULL, NULL, 110000, 1),
(37, '', 4, NULL, 53, '0000-00-00 00:00:00', NULL, NULL, 110000, 1),
(38, '', 4, NULL, 33, '0000-00-00 00:00:00', NULL, NULL, 110000, 1),
(39, '', 4, NULL, 43, '0000-00-00 00:00:00', NULL, NULL, 110000, 1),
(40, '', 4, NULL, 54, '0000-00-00 00:00:00', NULL, NULL, 110000, 1),
(41, '', 4, NULL, 44, '0000-00-00 00:00:00', NULL, NULL, 110000, 1),
(42, '', 4, NULL, 34, '0000-00-00 00:00:00', NULL, NULL, 110000, 1),
(43, '', 4, NULL, 55, '0000-00-00 00:00:00', NULL, NULL, 110000, 1),
(44, '', 4, NULL, 45, '0000-00-00 00:00:00', NULL, NULL, 110000, 1),
(45, '', 4, NULL, 35, '0000-00-00 00:00:00', NULL, NULL, 110000, 1),
(46, '', 4, NULL, 46, '0000-00-00 00:00:00', NULL, NULL, 110000, 1),
(47, '', 4, NULL, 56, '0000-00-00 00:00:00', NULL, NULL, 110000, 1),
(48, '', 4, NULL, 57, '0000-00-00 00:00:00', NULL, NULL, 110000, 1),
(49, '', 4, NULL, 47, '0000-00-00 00:00:00', NULL, NULL, 110000, 1),
(50, '', 4, NULL, 48, '0000-00-00 00:00:00', NULL, NULL, 110000, 1),
(51, '', 4, NULL, 58, '0000-00-00 00:00:00', NULL, NULL, 110000, 1),
(52, '', 4, NULL, 59, '0000-00-00 00:00:00', NULL, NULL, 110000, 1),
(53, '', 4, NULL, 49, '0000-00-00 00:00:00', NULL, NULL, 110000, 1),
(54, '', 4, NULL, 60, '0000-00-00 00:00:00', NULL, NULL, 110000, 1),
(55, '', 4, NULL, 50, '0000-00-00 00:00:00', NULL, NULL, 110000, 1),
(56, '', 4, NULL, 40, '0000-00-00 00:00:00', NULL, NULL, 110000, 1),
(57, '', 4, NULL, 39, '0000-00-00 00:00:00', NULL, NULL, 110000, 1),
(58, '', 4, 3, 36, '0000-00-00 00:00:00', NULL, NULL, 110000, 1),
(59, '', 4, 3, 37, '0000-00-00 00:00:00', NULL, NULL, 110000, 1),
(60, '', 4, 3, 38, '0000-00-00 00:00:00', NULL, NULL, 110000, 1),
(61, '', 4, NULL, 81, '0000-00-00 00:00:00', NULL, NULL, 110000, 1),
(62, '', 4, NULL, 71, '0000-00-00 00:00:00', NULL, NULL, 110000, 1),
(63, '', 4, NULL, 61, '0000-00-00 00:00:00', NULL, NULL, 110000, 1),
(64, '', 4, NULL, 62, '0000-00-00 00:00:00', NULL, NULL, 110000, 1),
(65, '', 4, NULL, 72, '0000-00-00 00:00:00', NULL, NULL, 110000, 1),
(66, '', 4, NULL, 82, '0000-00-00 00:00:00', NULL, NULL, 110000, 1),
(67, '', 4, NULL, 83, '0000-00-00 00:00:00', NULL, NULL, 110000, 1),
(68, '', 4, NULL, 73, '0000-00-00 00:00:00', NULL, NULL, 110000, 1),
(69, '', 4, NULL, 63, '0000-00-00 00:00:00', NULL, NULL, 110000, 1),
(70, '', 4, NULL, 74, '0000-00-00 00:00:00', NULL, NULL, 110000, 1),
(71, '', 4, NULL, 64, '0000-00-00 00:00:00', NULL, NULL, 110000, 1),
(72, '', 4, NULL, 84, '0000-00-00 00:00:00', NULL, NULL, 110000, 1),
(73, '', 4, NULL, 85, '0000-00-00 00:00:00', NULL, NULL, 110000, 1),
(74, '', 4, NULL, 75, '0000-00-00 00:00:00', NULL, NULL, 110000, 1),
(75, '', 4, NULL, 65, '0000-00-00 00:00:00', NULL, NULL, 110000, 1),
(76, '', 4, NULL, 66, '0000-00-00 00:00:00', NULL, NULL, 110000, 1),
(77, '', 4, NULL, 76, '0000-00-00 00:00:00', NULL, NULL, 110000, 1),
(78, '', 4, NULL, 86, '0000-00-00 00:00:00', NULL, NULL, 110000, 1),
(79, '', 4, NULL, 87, '0000-00-00 00:00:00', NULL, NULL, 110000, 1),
(80, '', 4, NULL, 77, '0000-00-00 00:00:00', NULL, NULL, 110000, 1),
(81, '', 4, NULL, 67, '0000-00-00 00:00:00', NULL, NULL, 110000, 1),
(82, '', 4, 1, 173, '0000-00-00 00:00:00', NULL, NULL, 110000, 1),
(83, '', 4, 1, 163, '0000-00-00 00:00:00', NULL, NULL, 110000, 1),
(84, '', 4, 1, 164, '0000-00-00 00:00:00', NULL, NULL, 110000, 1),
(85, '', 4, 1, 174, '0000-00-00 00:00:00', NULL, NULL, 110000, 1),
(86, '', 4, 1, 177, '0000-00-00 00:00:00', NULL, NULL, 110000, 1),
(87, '', 4, 1, 167, '0000-00-00 00:00:00', NULL, NULL, 110000, 1),
(88, '', 4, NULL, 176, '0000-00-00 00:00:00', NULL, NULL, 110000, 1),
(89, '', 4, NULL, 166, '0000-00-00 00:00:00', NULL, NULL, 110000, 1),
(90, '', 4, NULL, 156, '0000-00-00 00:00:00', NULL, NULL, 110000, 1),
(91, '', 4, NULL, 180, '0000-00-00 00:00:00', NULL, NULL, 110000, 1),
(92, '', 4, NULL, 170, '0000-00-00 00:00:00', NULL, NULL, 110000, 1),
(93, '', 4, NULL, 169, '0000-00-00 00:00:00', NULL, NULL, 110000, 1),
(94, '', 4, NULL, 168, '0000-00-00 00:00:00', NULL, NULL, 110000, 1),
(95, '', 4, NULL, 171, '0000-00-00 00:00:00', NULL, NULL, 110000, 1),
(96, '', 4, NULL, 161, '0000-00-00 00:00:00', NULL, NULL, 110000, 1),
(97, '', 4, NULL, 162, '0000-00-00 00:00:00', NULL, NULL, 110000, 1),
(98, '', 4, NULL, 172, '0000-00-00 00:00:00', NULL, NULL, 110000, 1),
(99, '', 4, NULL, 113, '0000-00-00 00:00:00', NULL, NULL, 55000, 1),
(100, '', 4, NULL, 103, '0000-00-00 00:00:00', NULL, NULL, 55000, 1),
(101, '', 4, NULL, 93, '0000-00-00 00:00:00', NULL, NULL, 55000, 1),
(102, '', 4, NULL, 92, '0000-00-00 00:00:00', NULL, NULL, 55000, 1),
(103, '', 4, NULL, 102, '0000-00-00 00:00:00', NULL, NULL, 55000, 1),
(104, '', 4, NULL, 112, '0000-00-00 00:00:00', NULL, NULL, 55000, 1),
(105, '', 4, NULL, 111, '0000-00-00 00:00:00', NULL, NULL, 55000, 1),
(106, '', 4, NULL, 101, '0000-00-00 00:00:00', NULL, NULL, 55000, 1),
(107, '', 4, NULL, 91, '0000-00-00 00:00:00', NULL, NULL, 55000, 1),
(108, '', 4, NULL, 114, '0000-00-00 00:00:00', NULL, NULL, 55000, 1),
(109, '', 4, NULL, 104, '0000-00-00 00:00:00', NULL, NULL, 55000, 1),
(110, '', 4, NULL, 94, '0000-00-00 00:00:00', NULL, NULL, 55000, 1),
(111, '', 4, NULL, 95, '0000-00-00 00:00:00', NULL, NULL, 55000, 1),
(112, '', 4, NULL, 105, '0000-00-00 00:00:00', NULL, NULL, 55000, 1),
(113, '', 4, NULL, 115, '0000-00-00 00:00:00', NULL, NULL, 55000, 1),
(114, '', 4, NULL, 116, '0000-00-00 00:00:00', NULL, NULL, 55000, 1),
(115, '', 4, NULL, 106, '0000-00-00 00:00:00', NULL, NULL, 55000, 1),
(116, '', 4, NULL, 96, '0000-00-00 00:00:00', NULL, NULL, 55000, 1),
(117, '', 4, NULL, 97, '0000-00-00 00:00:00', NULL, NULL, 55000, 1),
(118, '', 4, NULL, 107, '0000-00-00 00:00:00', NULL, NULL, 55000, 1),
(119, '', 4, NULL, 117, '0000-00-00 00:00:00', NULL, NULL, 55000, 1),
(120, '', 4, NULL, 118, '0000-00-00 00:00:00', NULL, NULL, 55000, 1),
(121, '', 4, NULL, 108, '0000-00-00 00:00:00', NULL, NULL, 55000, 1),
(122, '', 4, NULL, 98, '0000-00-00 00:00:00', NULL, NULL, 55000, 1),
(123, '', 3, NULL, 239, '0000-00-00 00:00:00', NULL, NULL, 110000, 1),
(124, '', 3, NULL, 219, '0000-00-00 00:00:00', NULL, NULL, 110000, 1),
(125, '', 3, NULL, 229, '0000-00-00 00:00:00', NULL, NULL, 110000, 1),
(126, '', 3, NULL, 228, '0000-00-00 00:00:00', NULL, NULL, 110000, 1),
(127, '', 3, NULL, 238, '0000-00-00 00:00:00', NULL, NULL, 110000, 1),
(128, '', 3, NULL, 236, '0000-00-00 00:00:00', NULL, NULL, 110000, 1),
(129, '', 3, NULL, 226, '0000-00-00 00:00:00', NULL, NULL, 110000, 1),
(130, '', 3, NULL, 235, '0000-00-00 00:00:00', NULL, NULL, 110000, 1),
(131, '', 3, NULL, 225, '0000-00-00 00:00:00', NULL, NULL, 110000, 1),
(132, '', 3, NULL, 224, '0000-00-00 00:00:00', NULL, NULL, 110000, 1),
(133, '', 3, NULL, 234, '0000-00-00 00:00:00', NULL, NULL, 110000, 1),
(134, '', 3, NULL, 233, '0000-00-00 00:00:00', NULL, NULL, 110000, 1),
(135, '', 3, NULL, 222, '0000-00-00 00:00:00', NULL, NULL, 110000, 1),
(136, '', 3, NULL, 232, '0000-00-00 00:00:00', NULL, NULL, 110000, 1),
(137, '', 3, NULL, 223, '0000-00-00 00:00:00', NULL, NULL, 110000, 1),
(138, '', 3, NULL, 212, '0000-00-00 00:00:00', NULL, NULL, 110000, 1),
(139, '', 3, NULL, 213, '0000-00-00 00:00:00', NULL, NULL, 110000, 1),
(140, '', 3, NULL, 216, '0000-00-00 00:00:00', NULL, NULL, 110000, 1),
(141, '', 3, NULL, 217, '0000-00-00 00:00:00', NULL, NULL, 110000, 1),
(142, '', 3, NULL, 227, '0000-00-00 00:00:00', NULL, NULL, 110000, 1),
(143, '', 3, NULL, 237, '0000-00-00 00:00:00', NULL, NULL, 110000, 1),
(144, '', 1, 1, 194, '0000-00-00 00:00:00', NULL, NULL, 110000, 1),
(145, '', 1, 1, 204, '0000-00-00 00:00:00', NULL, NULL, 110000, 1),
(146, '', 1, 1, 203, '0000-00-00 00:00:00', NULL, NULL, 110000, 1),
(147, '', 1, 1, 193, '0000-00-00 00:00:00', NULL, NULL, 110000, 1),
(148, '', 1, 1, 192, '0000-00-00 00:00:00', NULL, NULL, 110000, 1),
(149, '', 1, 1, 202, '0000-00-00 00:00:00', NULL, NULL, 110000, 1),
(150, '', 1, 1, 201, '0000-00-00 00:00:00', NULL, NULL, 110000, 1),
(151, '', 1, 1, 191, '0000-00-00 00:00:00', NULL, NULL, 110000, 1),
(152, '', 1, 1, 197, '0000-00-00 00:00:00', NULL, NULL, 110000, 1),
(153, '', 1, 1, 207, '0000-00-00 00:00:00', NULL, NULL, 110000, 1),
(154, '', 1, 1, 206, '0000-00-00 00:00:00', NULL, NULL, 110000, 1),
(155, '', 1, 1, 196, '0000-00-00 00:00:00', NULL, NULL, 110000, 1),
(156, '', 1, 1, 208, '0000-00-00 00:00:00', NULL, NULL, 110000, 1),
(157, '', 1, 1, 198, '0000-00-00 00:00:00', NULL, NULL, 110000, 1),
(158, '', 1, 1, 210, '0000-00-00 00:00:00', NULL, NULL, 110000, 1),
(159, '', 1, 1, 200, '0000-00-00 00:00:00', NULL, NULL, 110000, 1),
(160, '', 1, 1, 190, '0000-00-00 00:00:00', NULL, NULL, 110000, 1),
(161, '', 1, 1, 189, '0000-00-00 00:00:00', NULL, NULL, 110000, 1),
(162, '', 1, 1, 186, '0000-00-00 00:00:00', NULL, NULL, 110000, 1),
(163, '', 1, 1, 183, '0000-00-00 00:00:00', NULL, NULL, 110000, 1),
(164, '', 1, NULL, 144, '0000-00-00 00:00:00', NULL, NULL, 110000, 1),
(165, '', 1, NULL, 134, '0000-00-00 00:00:00', NULL, NULL, 110000, 1),
(166, '', 1, NULL, 135, '0000-00-00 00:00:00', NULL, NULL, 110000, 1),
(167, '', 1, NULL, 145, '0000-00-00 00:00:00', NULL, NULL, 110000, 1),
(168, '', 1, NULL, 146, '0000-00-00 00:00:00', NULL, NULL, 110000, 1),
(169, '', 1, NULL, 133, '0000-00-00 00:00:00', NULL, NULL, 110000, 1),
(170, '', 1, NULL, 143, '0000-00-00 00:00:00', NULL, NULL, 110000, 1),
(171, '', 1, NULL, 147, '0000-00-00 00:00:00', NULL, NULL, 110000, 1),
(172, '', 1, NULL, 148, '0000-00-00 00:00:00', NULL, NULL, 110000, 1),
(173, '', 4, 2, 413, '0000-00-00 00:00:00', NULL, NULL, 55000, 1),
(174, '', 4, 2, 403, '0000-00-00 00:00:00', NULL, NULL, 55000, 1),
(175, '', 4, 2, 393, '0000-00-00 00:00:00', NULL, NULL, 55000, 1),
(176, '', 4, 2, 392, '0000-00-00 00:00:00', NULL, NULL, 55000, 1),
(177, '', 4, 2, 402, '0000-00-00 00:00:00', NULL, NULL, 55000, 1),
(178, '', 4, 2, 412, '0000-00-00 00:00:00', NULL, NULL, 55000, 1),
(179, '', 4, 2, 416, '0000-00-00 00:00:00', NULL, NULL, 55000, 1),
(180, '', 4, 2, 406, '0000-00-00 00:00:00', NULL, NULL, 55000, 1),
(181, '', 4, 3, 405, '0000-00-00 00:00:00', NULL, NULL, 55000, 1),
(182, '', 4, 3, 395, '0000-00-00 00:00:00', NULL, NULL, 55000, 1),
(183, '', 4, 3, 407, '0000-00-00 00:00:00', NULL, NULL, 55000, 1),
(184, '', 4, 3, 417, '0000-00-00 00:00:00', NULL, NULL, 55000, 1),
(185, '', 4, 3, 418, '0000-00-00 00:00:00', NULL, NULL, 55000, 1),
(186, '', 4, 3, 419, '0000-00-00 00:00:00', NULL, NULL, 55000, 1),
(187, '', 4, 3, 420, '0000-00-00 00:00:00', NULL, NULL, 55000, 1),
(188, '', 4, 3, 400, '0000-00-00 00:00:00', NULL, NULL, 55000, 1),
(189, '', 4, 3, 410, '0000-00-00 00:00:00', NULL, NULL, 55000, 1),
(190, '', 4, 3, 408, '0000-00-00 00:00:00', NULL, NULL, 55000, 1),
(191, '', 4, 3, 398, '0000-00-00 00:00:00', NULL, NULL, 55000, 1),
(192, '', 4, 3, 397, '0000-00-00 00:00:00', NULL, NULL, 55000, 1),
(193, '', 4, 3, 396, '0000-00-00 00:00:00', NULL, NULL, 55000, 1),
(194, '', 4, 3, 401, '0000-00-00 00:00:00', NULL, NULL, 55000, 1),
(195, '', 4, 3, 411, '0000-00-00 00:00:00', NULL, NULL, 55000, 1),
(196, '', 4, NULL, 415, '0000-00-00 00:00:00', NULL, NULL, 55000, 1),
(197, '', 4, NULL, 414, '0000-00-00 00:00:00', NULL, NULL, 55000, 1),
(198, '', 4, 1, 386, '0000-00-00 00:00:00', NULL, NULL, 110000, 1),
(199, '', 4, 1, 376, '0000-00-00 00:00:00', NULL, NULL, 110000, 1),
(200, '', 4, 1, 375, '0000-00-00 00:00:00', NULL, NULL, 110000, 1),
(201, '', 4, 1, 385, '0000-00-00 00:00:00', NULL, NULL, 110000, 1),
(202, '', 4, 1, 384, '0000-00-00 00:00:00', NULL, NULL, 110000, 1),
(203, '', 4, 1, 374, '0000-00-00 00:00:00', NULL, NULL, 110000, 1),
(204, '', 4, 1, 373, '0000-00-00 00:00:00', NULL, NULL, 110000, 1),
(205, '', 4, 1, 383, '0000-00-00 00:00:00', NULL, NULL, 110000, 1),
(206, '', 4, 1, 387, '0000-00-00 00:00:00', NULL, NULL, 110000, 1),
(207, '', 4, 1, 377, '0000-00-00 00:00:00', NULL, NULL, 110000, 1),
(208, '', 4, 1, 378, '0000-00-00 00:00:00', NULL, NULL, 110000, 1),
(209, '', 4, 1, 388, '0000-00-00 00:00:00', NULL, NULL, 110000, 1),
(210, '', 4, 1, 389, '0000-00-00 00:00:00', NULL, NULL, 110000, 1),
(211, '', 4, 1, 379, '0000-00-00 00:00:00', NULL, NULL, 110000, 1),
(212, '', 4, 1, 380, '0000-00-00 00:00:00', NULL, NULL, 110000, 1),
(213, '', 4, 1, 390, '0000-00-00 00:00:00', NULL, NULL, 110000, 1),
(214, '', 4, 1, 382, '0000-00-00 00:00:00', NULL, NULL, 110000, 1),
(215, '', 4, 1, 372, '0000-00-00 00:00:00', NULL, NULL, 110000, 1),
(216, '', 4, 1, 371, '0000-00-00 00:00:00', NULL, NULL, 110000, 1),
(217, '', 4, 1, 381, '0000-00-00 00:00:00', NULL, NULL, 110000, 1),
(218, '', 4, NULL, 344, '0000-00-00 00:00:00', NULL, NULL, 110000, 1),
(219, '', 4, NULL, 354, '0000-00-00 00:00:00', NULL, NULL, 110000, 1),
(220, '', 4, NULL, 355, '0000-00-00 00:00:00', NULL, NULL, 110000, 1),
(221, '', 4, NULL, 345, '0000-00-00 00:00:00', NULL, NULL, 110000, 1),
(222, '', 4, NULL, 346, '0000-00-00 00:00:00', NULL, NULL, 110000, 1),
(223, '', 4, NULL, 356, '0000-00-00 00:00:00', NULL, NULL, 110000, 1),
(224, '', 4, NULL, 357, '0000-00-00 00:00:00', NULL, NULL, 110000, 1),
(225, '', 4, NULL, 347, '0000-00-00 00:00:00', NULL, NULL, 110000, 1),
(226, '', 4, NULL, 337, '0000-00-00 00:00:00', NULL, NULL, 110000, 1),
(227, '', 4, NULL, 336, '0000-00-00 00:00:00', NULL, NULL, 110000, 1),
(228, '', 4, NULL, 335, '0000-00-00 00:00:00', NULL, NULL, 110000, 1),
(229, '', 4, 3, 324, '0000-00-00 00:00:00', NULL, NULL, 110000, 1),
(230, '', 4, 3, 314, '0000-00-00 00:00:00', NULL, NULL, 110000, 1),
(231, '', 4, 3, 315, '0000-00-00 00:00:00', NULL, NULL, 110000, 1),
(232, '', 4, 3, 311, '0000-00-00 00:00:00', NULL, NULL, 110000, 1),
(233, '', 4, 3, 323, '0000-00-00 00:00:00', NULL, NULL, 110000, 1),
(234, '', 4, 3, 312, '0000-00-00 00:00:00', NULL, NULL, 110000, 1),
(235, '', 4, NULL, 443, '0000-00-00 00:00:00', NULL, NULL, 110000, 1),
(236, '', 4, NULL, 433, '0000-00-00 00:00:00', NULL, NULL, 110000, 1),
(237, '', 4, NULL, 434, '0000-00-00 00:00:00', NULL, NULL, 110000, 1),
(238, '', 4, NULL, 444, '0000-00-00 00:00:00', NULL, NULL, 110000, 1),
(239, '', 4, NULL, 435, '0000-00-00 00:00:00', NULL, NULL, 110000, 1),
(240, '', 4, NULL, 445, '0000-00-00 00:00:00', NULL, NULL, 110000, 1),
(241, '', 4, NULL, 446, '0000-00-00 00:00:00', NULL, NULL, 110000, 1),
(242, '', 4, NULL, 436, '0000-00-00 00:00:00', NULL, NULL, 110000, 1),
(243, '', 4, NULL, 447, '0000-00-00 00:00:00', NULL, NULL, 110000, 1),
(244, '', 4, NULL, 437, '0000-00-00 00:00:00', NULL, NULL, 110000, 1),
(245, '', 4, NULL, 427, '0000-00-00 00:00:00', NULL, NULL, 110000, 1),
(246, '', 4, NULL, 426, '0000-00-00 00:00:00', NULL, NULL, 110000, 1),
(247, '', 4, NULL, 425, '0000-00-00 00:00:00', NULL, NULL, 110000, 1),
(248, '', 4, NULL, 424, '0000-00-00 00:00:00', NULL, NULL, 110000, 1),
(249, '', 4, NULL, 423, '0000-00-00 00:00:00', NULL, NULL, 110000, 1),
(250, '', 4, NULL, 422, '0000-00-00 00:00:00', NULL, NULL, 110000, 1),
(251, '', 4, NULL, 432, '0000-00-00 00:00:00', NULL, NULL, 110000, 1),
(252, '', 4, NULL, 442, '0000-00-00 00:00:00', NULL, NULL, 110000, 1),
(253, '', 4, NULL, 441, '0000-00-00 00:00:00', NULL, NULL, 110000, 1),
(254, '', 4, NULL, 431, '0000-00-00 00:00:00', NULL, NULL, 110000, 1),
(255, '', 4, NULL, 421, '0000-00-00 00:00:00', NULL, NULL, 110000, 1),
(256, '', 4, NULL, 448, '0000-00-00 00:00:00', NULL, NULL, 110000, 1),
(257, '', 4, NULL, 428, '0000-00-00 00:00:00', NULL, NULL, 110000, 1),
(258, '', 4, NULL, 438, '0000-00-00 00:00:00', NULL, NULL, 110000, 1),
(259, '', 4, NULL, 439, '0000-00-00 00:00:00', NULL, NULL, 110000, 1),
(260, '', 4, NULL, 449, '0000-00-00 00:00:00', NULL, NULL, 110000, 1),
(261, '', 4, NULL, 450, '0000-00-00 00:00:00', NULL, NULL, 110000, 1),
(262, '', 4, NULL, 430, '0000-00-00 00:00:00', NULL, NULL, 110000, 1),
(263, '', 4, NULL, 440, '0000-00-00 00:00:00', NULL, NULL, 110000, 1),
(264, '', 4, NULL, 429, '0000-00-00 00:00:00', NULL, NULL, 110000, 1),
(265, '', 4, NULL, 474, '0000-00-00 00:00:00', NULL, NULL, 55000, 1),
(266, '', 4, NULL, 464, '0000-00-00 00:00:00', NULL, NULL, 55000, 1),
(267, '', 4, NULL, 463, '0000-00-00 00:00:00', NULL, NULL, 55000, 1),
(268, '', 4, NULL, 473, '0000-00-00 00:00:00', NULL, NULL, 55000, 1),
(269, '', 4, NULL, 472, '0000-00-00 00:00:00', NULL, NULL, 55000, 1),
(270, '', 4, NULL, 462, '0000-00-00 00:00:00', NULL, NULL, 55000, 1),
(271, '', 4, NULL, 461, '0000-00-00 00:00:00', NULL, NULL, 55000, 1),
(272, '', 4, NULL, 471, '0000-00-00 00:00:00', NULL, NULL, 55000, 1),
(273, '', 4, NULL, 476, '0000-00-00 00:00:00', NULL, NULL, 55000, 1),
(274, '', 4, NULL, 466, '0000-00-00 00:00:00', NULL, NULL, 55000, 1),
(275, '', 4, NULL, 477, '0000-00-00 00:00:00', NULL, NULL, 55000, 1),
(276, '', 4, NULL, 467, '0000-00-00 00:00:00', NULL, NULL, 55000, 1),
(277, '', 4, NULL, 468, '0000-00-00 00:00:00', NULL, NULL, 55000, 1),
(278, '', 4, NULL, 478, '0000-00-00 00:00:00', NULL, NULL, 55000, 1),
(279, '', 4, NULL, 479, '0000-00-00 00:00:00', NULL, NULL, 55000, 1),
(280, '', 4, NULL, 469, '0000-00-00 00:00:00', NULL, NULL, 55000, 1),
(281, '', 4, NULL, 470, '0000-00-00 00:00:00', NULL, NULL, 55000, 1),
(282, '', 4, NULL, 458, '0000-00-00 00:00:00', NULL, NULL, 55000, 1),
(283, '', 4, NULL, 455, '0000-00-00 00:00:00', NULL, NULL, 55000, 1),
(284, '', 4, NULL, 452, '0000-00-00 00:00:00', NULL, NULL, 55000, 1),
(285, '', 4, NULL, 453, '0000-00-00 00:00:00', NULL, NULL, 55000, 1),
(286, '', 4, NULL, 465, '0000-00-00 00:00:00', NULL, NULL, 55000, 1),
(287, '', 4, NULL, 475, '0000-00-00 00:00:00', NULL, NULL, 55000, 1),
(288, '', 4, NULL, 460, '0000-00-00 00:00:00', NULL, NULL, 55000, 1),
(289, '', 4, NULL, 459, '0000-00-00 00:00:00', NULL, NULL, 55000, 1),
(290, '', 4, NULL, 480, '0000-00-00 00:00:00', NULL, NULL, 55000, 1),
(291, '', 4, 3, 504, '0000-00-00 00:00:00', NULL, NULL, 110000, 1),
(292, '', 4, 3, 494, '0000-00-00 00:00:00', NULL, NULL, 110000, 1),
(293, '', 4, 3, 495, '0000-00-00 00:00:00', NULL, NULL, 110000, 1),
(294, '', 4, 3, 505, '0000-00-00 00:00:00', NULL, NULL, 110000, 1),
(295, '', 4, 3, 506, '0000-00-00 00:00:00', NULL, NULL, 110000, 1),
(296, '', 4, 3, 496, '0000-00-00 00:00:00', NULL, NULL, 110000, 1),
(297, '', 4, 3, 497, '0000-00-00 00:00:00', NULL, NULL, 110000, 1),
(298, '', 4, 3, 507, '0000-00-00 00:00:00', NULL, NULL, 110000, 1),
(299, '', 4, 3, 502, '0000-00-00 00:00:00', NULL, NULL, 110000, 1),
(300, '', 4, 3, 492, '0000-00-00 00:00:00', NULL, NULL, 110000, 1),
(301, '', 4, 3, 508, '0000-00-00 00:00:00', NULL, NULL, 110000, 1),
(302, '', 4, 3, 498, '0000-00-00 00:00:00', NULL, NULL, 110000, 1),
(303, '', 4, 3, 499, '0000-00-00 00:00:00', NULL, NULL, 110000, 1),
(304, '', 4, 3, 509, '0000-00-00 00:00:00', NULL, NULL, 110000, 1),
(305, '', 4, NULL, 533, '0000-00-00 00:00:00', NULL, NULL, 110000, 1),
(306, '', 4, NULL, 523, '0000-00-00 00:00:00', NULL, NULL, 110000, 1),
(307, '', 4, NULL, 524, '0000-00-00 00:00:00', NULL, NULL, 110000, 1),
(308, '', 4, NULL, 534, '0000-00-00 00:00:00', NULL, NULL, 110000, 1),
(309, '', 4, NULL, 535, '0000-00-00 00:00:00', NULL, NULL, 110000, 1),
(310, '', 4, NULL, 525, '0000-00-00 00:00:00', NULL, NULL, 110000, 1),
(311, '', 4, NULL, 522, '0000-00-00 00:00:00', NULL, NULL, 110000, 1),
(312, '', 4, NULL, 532, '0000-00-00 00:00:00', NULL, NULL, 110000, 1),
(313, '', 4, NULL, 536, '0000-00-00 00:00:00', NULL, NULL, 110000, 1),
(314, '', 4, NULL, 526, '0000-00-00 00:00:00', NULL, NULL, 110000, 1),
(315, '', 4, NULL, 527, '0000-00-00 00:00:00', NULL, NULL, 110000, 1),
(316, '', 4, NULL, 537, '0000-00-00 00:00:00', NULL, NULL, 110000, 1),
(317, '', 4, NULL, 538, '0000-00-00 00:00:00', NULL, NULL, 110000, 1),
(318, '', 4, NULL, 528, '0000-00-00 00:00:00', NULL, NULL, 110000, 1),
(319, '', 4, NULL, 529, '0000-00-00 00:00:00', NULL, NULL, 110000, 1),
(320, '', 4, NULL, 539, '0000-00-00 00:00:00', NULL, NULL, 110000, 1),
(321, '', 4, NULL, 517, '0000-00-00 00:00:00', NULL, NULL, 110000, 1),
(322, '', 4, NULL, 513, '0000-00-00 00:00:00', NULL, NULL, 110000, 1),
(323, '', 4, NULL, 514, '0000-00-00 00:00:00', NULL, NULL, 110000, 1),
(324, '', 4, NULL, 521, '0000-00-00 00:00:00', NULL, NULL, 110000, 1),
(325, '', 4, NULL, 531, '0000-00-00 00:00:00', NULL, NULL, 110000, 1),
(326, '', 4, NULL, 540, '0000-00-00 00:00:00', NULL, NULL, 110000, 1),
(327, '', 4, NULL, 530, '0000-00-00 00:00:00', NULL, NULL, 110000, 1),
(328, '', 2, NULL, 563, '0000-00-00 00:00:00', NULL, NULL, 55000, 1),
(329, '', 2, NULL, 553, '0000-00-00 00:00:00', NULL, NULL, 55000, 1),
(330, '', 2, NULL, 554, '0000-00-00 00:00:00', NULL, NULL, 55000, 1),
(331, '', 2, NULL, 564, '0000-00-00 00:00:00', NULL, NULL, 55000, 1),
(332, '', 2, NULL, 555, '0000-00-00 00:00:00', NULL, NULL, 55000, 1),
(333, '', 2, NULL, 565, '0000-00-00 00:00:00', NULL, NULL, 55000, 1),
(334, '', 2, NULL, 566, '0000-00-00 00:00:00', NULL, NULL, 55000, 1),
(335, '', 2, NULL, 556, '0000-00-00 00:00:00', NULL, NULL, 55000, 1),
(336, '', 2, NULL, 567, '0000-00-00 00:00:00', NULL, NULL, 55000, 1),
(337, '', 2, NULL, 557, '0000-00-00 00:00:00', NULL, NULL, 55000, 1),
(338, '', 2, NULL, 559, '0000-00-00 00:00:00', NULL, NULL, 55000, 1),
(339, '', 2, NULL, 569, '0000-00-00 00:00:00', NULL, NULL, 55000, 1),
(340, '', 2, NULL, 568, '0000-00-00 00:00:00', NULL, NULL, 55000, 1),
(341, '', 2, NULL, 558, '0000-00-00 00:00:00', NULL, NULL, 55000, 1),
(342, '', 2, 2, 595, '0000-00-00 00:00:00', NULL, NULL, 110000, 1),
(343, '', 2, 2, 585, '0000-00-00 00:00:00', NULL, NULL, 110000, 1),
(344, '', 2, 2, 586, '0000-00-00 00:00:00', NULL, NULL, 110000, 1),
(345, '', 2, 2, 596, '0000-00-00 00:00:00', NULL, NULL, 110000, 1),
(346, '', 2, 2, 593, '0000-00-00 00:00:00', NULL, NULL, 110000, 1),
(347, '', 2, 2, 583, '0000-00-00 00:00:00', NULL, NULL, 110000, 1),
(348, '', 2, 2, 581, '0000-00-00 00:00:00', NULL, NULL, 110000, 1),
(349, '', 2, 2, 582, '0000-00-00 00:00:00', NULL, NULL, 110000, 1),
(350, '', 2, 3, 617, '0000-00-00 00:00:00', NULL, NULL, 110000, 1),
(351, '', 2, 3, 627, '0000-00-00 00:00:00', NULL, NULL, 110000, 1),
(352, '', 2, 3, 628, '0000-00-00 00:00:00', NULL, NULL, 110000, 1),
(353, '', 2, 3, 618, '0000-00-00 00:00:00', NULL, NULL, 110000, 1),
(354, '', 2, 3, 616, '0000-00-00 00:00:00', NULL, NULL, 110000, 1),
(355, '', 2, 3, 626, '0000-00-00 00:00:00', NULL, NULL, 110000, 1),
(356, '', 2, NULL, 652, '0000-00-00 00:00:00', NULL, NULL, 110000, 1),
(357, '', 2, NULL, 642, '0000-00-00 00:00:00', NULL, NULL, 110000, 1),
(358, '', 2, NULL, 643, '0000-00-00 00:00:00', NULL, NULL, 110000, 1),
(359, '', 2, NULL, 653, '0000-00-00 00:00:00', NULL, NULL, 110000, 1),
(360, '', 2, NULL, 641, '0000-00-00 00:00:00', NULL, NULL, 110000, 1),
(361, '', 2, NULL, 651, '0000-00-00 00:00:00', NULL, NULL, 110000, 1),
(362, '', 2, NULL, 659, '0000-00-00 00:00:00', NULL, NULL, 110000, 1),
(363, '', 2, NULL, 649, '0000-00-00 00:00:00', NULL, NULL, 110000, 1),
(364, '', 2, NULL, 648, '0000-00-00 00:00:00', NULL, NULL, 110000, 1),
(365, '', 2, NULL, 658, '0000-00-00 00:00:00', NULL, NULL, 110000, 1),
(366, '', 2, NULL, 793, '0000-00-00 00:00:00', NULL, NULL, 70000, 1),
(367, '', 2, NULL, 783, '0000-00-00 00:00:00', NULL, NULL, 70000, 1),
(368, '', 2, NULL, 794, '0000-00-00 00:00:00', NULL, NULL, 70000, 1),
(369, '', 2, NULL, 795, '0000-00-00 00:00:00', NULL, NULL, 70000, 1),
(370, '', 2, NULL, 785, '0000-00-00 00:00:00', NULL, NULL, 70000, 1),
(371, '', 2, NULL, 786, '0000-00-00 00:00:00', NULL, NULL, 70000, 1),
(372, '', 2, NULL, 796, '0000-00-00 00:00:00', NULL, NULL, 70000, 1),
(373, '', 2, NULL, 797, '0000-00-00 00:00:00', NULL, NULL, 70000, 1),
(374, '', 2, NULL, 788, '0000-00-00 00:00:00', NULL, NULL, 70000, 1),
(375, '', 2, NULL, 798, '0000-00-00 00:00:00', NULL, NULL, 70000, 1),
(376, '', 2, NULL, 789, '0000-00-00 00:00:00', NULL, NULL, 70000, 1),
(377, '', 2, NULL, 779, '0000-00-00 00:00:00', NULL, NULL, 70000, 1),
(378, '', 2, NULL, 778, '0000-00-00 00:00:00', NULL, NULL, 70000, 1),
(379, '', 2, NULL, 776, '0000-00-00 00:00:00', NULL, NULL, 70000, 1),
(380, '', 2, NULL, 775, '0000-00-00 00:00:00', NULL, NULL, 70000, 1),
(381, '', 4, 3, 1039, '0000-00-00 00:00:00', NULL, NULL, 70000, 1),
(382, '', 4, 3, 1029, '0000-00-00 00:00:00', NULL, NULL, 70000, 1),
(383, '', 4, 3, 1030, '0000-00-00 00:00:00', NULL, NULL, 70000, 1),
(384, '', 4, 3, 1031, '0000-00-00 00:00:00', NULL, NULL, 70000, 1),
(385, '', 4, 3, 1032, '0000-00-00 00:00:00', NULL, NULL, 70000, 1),
(386, '', 4, 3, 1022, '0000-00-00 00:00:00', NULL, NULL, 70000, 1),
(387, '', 4, 3, 1033, '0000-00-00 00:00:00', NULL, NULL, 70000, 1),
(388, '', 4, 3, 1034, '0000-00-00 00:00:00', NULL, NULL, 70000, 1),
(389, '', 4, 3, 1035, '0000-00-00 00:00:00', NULL, NULL, 70000, 1),
(390, '', 4, 3, 1025, '0000-00-00 00:00:00', NULL, NULL, 70000, 1),
(391, '', 4, 3, 1038, '0000-00-00 00:00:00', NULL, NULL, 70000, 1),
(392, '', 4, 3, 1027, '0000-00-00 00:00:00', NULL, NULL, 70000, 1),
(393, '', 4, 3, 1043, '0000-00-00 00:00:00', NULL, NULL, 70000, 1),
(394, '', 4, 3, 1042, '0000-00-00 00:00:00', NULL, NULL, 70000, 1),
(395, '', 4, NULL, 980, '0000-00-00 00:00:00', NULL, NULL, 70000, 1),
(396, '', 4, NULL, 970, '0000-00-00 00:00:00', NULL, NULL, 70000, 1),
(397, '', 4, NULL, 969, '0000-00-00 00:00:00', NULL, NULL, 70000, 1),
(398, '', 4, NULL, 968, '0000-00-00 00:00:00', NULL, NULL, 70000, 1),
(399, '', 1, NULL, 772, '0000-00-00 00:00:00', NULL, NULL, 70000, 1),
(400, '', 1, NULL, 773, '0000-00-00 00:00:00', NULL, NULL, 70000, 1),
(401, '', 1, NULL, 774, '0000-00-00 00:00:00', NULL, NULL, 70000, 1),
(402, '', 1, NULL, 790, '0000-00-00 00:00:00', NULL, NULL, 70000, 1),
(403, '', 1, NULL, 791, '0000-00-00 00:00:00', NULL, NULL, 70000, 1),
(404, '', 1, NULL, 790, '0000-00-00 00:00:00', NULL, NULL, 70000, 1),
(405, '', 1, NULL, 791, '0000-00-00 00:00:00', NULL, NULL, 70000, 1),
(406, '', 1, NULL, 790, '0000-00-00 00:00:00', NULL, NULL, 70000, 1),
(407, '', 1, NULL, 791, '0000-00-00 00:00:00', NULL, NULL, 70000, 1),
(408, '', 1, 1, 787, '0000-00-00 00:00:00', NULL, NULL, 0, 1),
(409, '', 1, NULL, 799, '0000-00-00 00:00:00', NULL, NULL, 70000, 1),
(410, '', 1, NULL, 800, '0000-00-00 00:00:00', NULL, NULL, 70000, 1),
(411, '', 1, NULL, 801, '0000-00-00 00:00:00', NULL, NULL, 70000, 1),
(412, '', 1, NULL, 792, '0000-00-00 00:00:00', NULL, NULL, 70000, 1),
(413, '', 1, NULL, 782, '0000-00-00 00:00:00', NULL, NULL, 70000, 1),
(414, '', 1, NULL, 391, '0000-00-00 00:00:00', NULL, NULL, 55000, 1),
(415, '', 1, NULL, 391, '0000-00-00 00:00:00', NULL, NULL, 55000, 1),
(416, '', 1, NULL, 391, '0000-00-00 00:00:00', NULL, NULL, 55000, 1);

-- --------------------------------------------------------

--
-- Cấu trúc bảng cho bảng `tickettypes`
--

CREATE TABLE `tickettypes` (
  `ID` int(11) NOT NULL,
  `Name` varchar(20) CHARACTER SET utf8 COLLATE utf8_unicode_ci NOT NULL,
  `Status` tinyint(1) NOT NULL
) ENGINE=InnoDB DEFAULT CHARSET=utf8;

--
-- Đang đổ dữ liệu cho bảng `tickettypes`
--

INSERT INTO `tickettypes` (`ID`, `Name`, `Status`) VALUES
(1, 'Normal', 1),
(2, 'Couple', 1);

-- --------------------------------------------------------

--
-- Cấu trúc bảng cho bảng `vouchers`
--

CREATE TABLE `vouchers` (
  `ID` int(11) NOT NULL,
  `Code` varchar(50) CHARACTER SET utf8 COLLATE utf8_unicode_ci NOT NULL,
  `Discount` float NOT NULL,
  `ApplyFastFoodID` int(11) NULL,
  `ApplyTicketTypeID` int(11) NULL,
  `ApplyComboID` int(11) NULL,
  `Type` varchar(10) CHARACTER SET utf8 COLLATE utf8_unicode_ci NOT NULL,
  `ApplyFor` varchar(10) CHARACTER SET utf8 COLLATE utf8_unicode_ci NOT NULL,
  `Status` tinyint(1) NOT NULL
) ENGINE=InnoDB DEFAULT CHARSET=utf8;

--
-- Chỉ mục cho các bảng đã đổ
--

--
-- Chỉ mục cho bảng `combos`
--
ALTER TABLE `combos`
  ADD PRIMARY KEY (`ID`),
  ADD KEY `FastFoodID` (`FastFoodID`);

--
-- Chỉ mục cho bảng `customers`
--
ALTER TABLE `customers`
  ADD PRIMARY KEY (`ID`),
  ADD UNIQUE KEY `PhoneNumber` (`PhoneNumber`),
  ADD UNIQUE KEY `CitizenID` (`CitizenID`),
  ADD UNIQUE KEY `Username` (`Username`),
  ADD KEY `customers_ibfk_1` (`RoleID`);

--
-- Chỉ mục cho bảng `employees`
--
ALTER TABLE `employees`
  ADD PRIMARY KEY (`ID`),
  ADD UNIQUE KEY `Username` (`Username`),
  ADD KEY `employees_ibfk_1` (`RoleID`);

--
-- Chỉ mục cho bảng `fastfoodorderdetails`
--
ALTER TABLE `fastfoodorderdetails`
  ADD PRIMARY KEY (`ID`),
  ADD KEY `FastFoodID` (`FastFoodID`),
  ADD KEY `FastFoodOrderID` (`FastFoodOrderID`);

--
-- Chỉ mục cho bảng `fastfoodorders`
--
ALTER TABLE `fastfoodorders`
  ADD PRIMARY KEY (`ID`),
  ADD KEY `CustomerID` (`CustomerID`),
  ADD KEY `fastfoodorders_ibfk_2` (`EmployeeID`),
  ADD KEY `PromotionID` (`PromotionID`),
  ADD KEY `VoucherID` (`VoucherID`);

--
-- Chỉ mục cho bảng `fastfoods`
--
ALTER TABLE `fastfoods`
  ADD PRIMARY KEY (`ID`);

--
-- Chỉ mục cho bảng `genredetails`
--
ALTER TABLE `genredetails`
  ADD PRIMARY KEY (`ID`),
  ADD KEY `MovieID` (`MovieID`),
  ADD KEY `GenreID` (`GenreID`);

--
-- Chỉ mục cho bảng `genres`
--
ALTER TABLE `genres`
  ADD PRIMARY KEY (`ID`);

--
-- Chỉ mục cho bảng `movies`
--
ALTER TABLE `movies`
  ADD PRIMARY KEY (`ID`);

--
-- Chỉ mục cho bảng `promotions`
--
ALTER TABLE `promotions`
  ADD PRIMARY KEY (`ID`);

--
-- Chỉ mục cho bảng `roles`
--
ALTER TABLE `roles`
  ADD PRIMARY KEY (`ID`);

--
-- Chỉ mục cho bảng `rooms`
--
ALTER TABLE `rooms`
  ADD PRIMARY KEY (`ID`);

--
-- Chỉ mục cho bảng `seats`
--
ALTER TABLE `seats`
  ADD PRIMARY KEY (`ID`),
  ADD KEY `RoomID` (`RoomID`),
  ADD KEY `TicketTypeID` (`TicketTypeID`);

--
-- Chỉ mục cho bảng `showtimedetails`
--
ALTER TABLE `showtimedetails`
  ADD PRIMARY KEY (`ID`),
  ADD KEY `ShowtimeID` (`ShowtimeID`,`SeatID`),
  ADD KEY `SeatID` (`SeatID`);

--
-- Chỉ mục cho bảng `showtimes`
--
ALTER TABLE `showtimes`
  ADD PRIMARY KEY (`ID`),
  ADD KEY `MovieID` (`MovieID`);

--
-- Chỉ mục cho bảng `tickets`
--
ALTER TABLE `tickets`
  ADD PRIMARY KEY (`ID`),
  ADD KEY `EmployeeID` (`EmployeeID`),
  ADD KEY `CustomerID` (`CustomerID`),
  ADD KEY `ShowtimeID` (`ShowtimeDetailID`),
  ADD KEY `PromotionID` (`PromotionID`),
  ADD KEY `VoucherID` (`VoucherID`);

--
-- Chỉ mục cho bảng `tickettypes`
--
ALTER TABLE `tickettypes`
  ADD PRIMARY KEY (`ID`);

--
-- Chỉ mục cho bảng `vouchers`
--
ALTER TABLE `vouchers`
  ADD PRIMARY KEY (`ID`),
  ADD KEY `ApplyID` (`ApplyFastFoodID`),
  ADD KEY `ApplyTicketTypeID` (`ApplyTicketTypeID`),
  ADD KEY `ApplyComboID` (`ApplyComboID`);

--
-- AUTO_INCREMENT cho các bảng đã đổ
--

--
-- AUTO_INCREMENT cho bảng `combos`
--
ALTER TABLE `combos`
  MODIFY `ID` int(11) NOT NULL AUTO_INCREMENT;

--
-- AUTO_INCREMENT cho bảng `customers`
--
ALTER TABLE `customers`
  MODIFY `ID` int(11) NOT NULL AUTO_INCREMENT, AUTO_INCREMENT=5;

--
-- AUTO_INCREMENT cho bảng `employees`
--
ALTER TABLE `employees`
  MODIFY `ID` int(11) NOT NULL AUTO_INCREMENT, AUTO_INCREMENT=5;

--
-- AUTO_INCREMENT cho bảng `fastfoodorderdetails`
--
ALTER TABLE `fastfoodorderdetails`
  MODIFY `ID` int(11) NOT NULL AUTO_INCREMENT;

--
-- AUTO_INCREMENT cho bảng `fastfoodorders`
--
ALTER TABLE `fastfoodorders`
  MODIFY `ID` int(11) NOT NULL AUTO_INCREMENT;

--
-- AUTO_INCREMENT cho bảng `fastfoods`
--
ALTER TABLE `fastfoods`
  MODIFY `ID` int(11) NOT NULL AUTO_INCREMENT;

--
-- AUTO_INCREMENT cho bảng `genredetails`
--
ALTER TABLE `genredetails`
  MODIFY `ID` int(11) NOT NULL AUTO_INCREMENT, AUTO_INCREMENT=10;

--
-- AUTO_INCREMENT cho bảng `genres`
--
ALTER TABLE `genres`
  MODIFY `ID` int(11) NOT NULL AUTO_INCREMENT, AUTO_INCREMENT=18;

--
-- AUTO_INCREMENT cho bảng `movies`
--
ALTER TABLE `movies`
  MODIFY `ID` int(11) NOT NULL AUTO_INCREMENT, AUTO_INCREMENT=15;

--
-- AUTO_INCREMENT cho bảng `promotions`
--
ALTER TABLE `promotions`
  MODIFY `ID` int(11) NOT NULL AUTO_INCREMENT, AUTO_INCREMENT=3;

--
-- AUTO_INCREMENT cho bảng `roles`
--
ALTER TABLE `roles`
  MODIFY `ID` int(11) NOT NULL AUTO_INCREMENT, AUTO_INCREMENT=5;

--
-- AUTO_INCREMENT cho bảng `rooms`
--
ALTER TABLE `rooms`
  MODIFY `ID` int(11) NOT NULL AUTO_INCREMENT, AUTO_INCREMENT=3;

--
-- AUTO_INCREMENT cho bảng `seats`
--
ALTER TABLE `seats`
  MODIFY `ID` int(11) NOT NULL AUTO_INCREMENT, AUTO_INCREMENT=61;

--
-- AUTO_INCREMENT cho bảng `showtimedetails`
--
ALTER TABLE `showtimedetails`
  MODIFY `ID` int(11) NOT NULL AUTO_INCREMENT, AUTO_INCREMENT=1047;

--
-- AUTO_INCREMENT cho bảng `showtimes`
--
ALTER TABLE `showtimes`
  MODIFY `ID` int(11) NOT NULL AUTO_INCREMENT, AUTO_INCREMENT=35;

--
-- AUTO_INCREMENT cho bảng `tickets`
--
ALTER TABLE `tickets`
  MODIFY `ID` int(11) NOT NULL AUTO_INCREMENT, AUTO_INCREMENT=417;

--
-- AUTO_INCREMENT cho bảng `tickettypes`
--
ALTER TABLE `tickettypes`
  MODIFY `ID` int(11) NOT NULL AUTO_INCREMENT, AUTO_INCREMENT=3;

--
-- AUTO_INCREMENT cho bảng `vouchers`
--
ALTER TABLE `vouchers`
  MODIFY `ID` int(11) NOT NULL AUTO_INCREMENT;

--
-- Các ràng buộc cho các bảng đã đổ
--

--
-- Các ràng buộc cho bảng `combos`
--
ALTER TABLE `combos`
  ADD CONSTRAINT `combos_ibfk_1` FOREIGN KEY (`FastFoodID`) REFERENCES `fastfoods` (`ID`) ON DELETE CASCADE ON UPDATE CASCADE;

--
-- Các ràng buộc cho bảng `customers`
--
ALTER TABLE `customers`
  ADD CONSTRAINT `customers_ibfk_1` FOREIGN KEY (`RoleID`) REFERENCES `roles` (`ID`) ON DELETE CASCADE ON UPDATE CASCADE;

--
-- Các ràng buộc cho bảng `employees`
--
ALTER TABLE `employees`
  ADD CONSTRAINT `employees_ibfk_1` FOREIGN KEY (`RoleID`) REFERENCES `roles` (`ID`) ON DELETE CASCADE ON UPDATE CASCADE;

--
-- Các ràng buộc cho bảng `fastfoodorderdetails`
--
ALTER TABLE `fastfoodorderdetails`
  ADD CONSTRAINT `fastfoodorderdetails_ibfk_1` FOREIGN KEY (`FastFoodID`) REFERENCES `fastfoods` (`ID`) ON DELETE CASCADE ON UPDATE CASCADE,
  ADD CONSTRAINT `fastfoodorderdetails_ibfk_2` FOREIGN KEY (`FastFoodOrderID`) REFERENCES `fastfoodorders` (`ID`) ON DELETE CASCADE ON UPDATE CASCADE;

--
-- Các ràng buộc cho bảng `fastfoodorders`
--
ALTER TABLE `fastfoodorders`
  ADD CONSTRAINT `fastfoodorders_ibfk_1` FOREIGN KEY (`CustomerID`) REFERENCES `customers` (`ID`) ON DELETE CASCADE ON UPDATE CASCADE,
  ADD CONSTRAINT `fastfoodorders_ibfk_2` FOREIGN KEY (`EmployeeID`) REFERENCES `employees` (`ID`) ON DELETE CASCADE ON UPDATE CASCADE,
  ADD CONSTRAINT `fastfoodorders_ibfk_3` FOREIGN KEY (`PromotionID`) REFERENCES `promotions` (`ID`) ON DELETE CASCADE ON UPDATE CASCADE,
  ADD CONSTRAINT `fastfoodorders_ibfk_4` FOREIGN KEY (`VoucherID`) REFERENCES `vouchers` (`ID`) ON DELETE CASCADE ON UPDATE CASCADE;

--
-- Các ràng buộc cho bảng `genredetails`
--
ALTER TABLE `genredetails`
  ADD CONSTRAINT `genredetails_ibfk_2` FOREIGN KEY (`GenreID`) REFERENCES `genres` (`ID`),
  ADD CONSTRAINT `genredetails_ibfk_3` FOREIGN KEY (`MovieID`) REFERENCES `movies` (`ID`);

--
-- Các ràng buộc cho bảng `seats`
--
ALTER TABLE `seats`
  ADD CONSTRAINT `seats_ibfk_1` FOREIGN KEY (`RoomID`) REFERENCES `rooms` (`ID`) ON DELETE CASCADE ON UPDATE CASCADE,
  ADD CONSTRAINT `seats_ibfk_2` FOREIGN KEY (`TicketTypeID`) REFERENCES `tickettypes` (`ID`) ON DELETE CASCADE ON UPDATE CASCADE;

--
-- Các ràng buộc cho bảng `showtimedetails`
--
ALTER TABLE `showtimedetails`
  ADD CONSTRAINT `showtimedetails_ibfk_1` FOREIGN KEY (`ShowtimeID`) REFERENCES `showtimes` (`ID`),
  ADD CONSTRAINT `showtimedetails_ibfk_2` FOREIGN KEY (`SeatID`) REFERENCES `seats` (`ID`);

--
-- Các ràng buộc cho bảng `showtimes`
--
ALTER TABLE `showtimes`
  ADD CONSTRAINT `showtimes_ibfk_1` FOREIGN KEY (`MovieID`) REFERENCES `movies` (`ID`) ON DELETE CASCADE ON UPDATE CASCADE;

--
-- Các ràng buộc cho bảng `tickets`
--
ALTER TABLE `tickets`
  ADD CONSTRAINT `tickets_ibfk_1` FOREIGN KEY (`ShowtimeDetailID`) REFERENCES `showtimedetails` (`ID`) ON DELETE CASCADE ON UPDATE CASCADE,
  ADD CONSTRAINT `tickets_ibfk_2` FOREIGN KEY (`CustomerID`) REFERENCES `customers` (`ID`) ON DELETE CASCADE ON UPDATE CASCADE,
  ADD CONSTRAINT `tickets_ibfk_3` FOREIGN KEY (`EmployeeID`) REFERENCES `employees` (`ID`) ON DELETE CASCADE ON UPDATE CASCADE,
  ADD CONSTRAINT `tickets_ibfk_4` FOREIGN KEY (`PromotionID`) REFERENCES `promotions` (`ID`) ON DELETE CASCADE ON UPDATE CASCADE,
  ADD CONSTRAINT `tickets_ibfk_5` FOREIGN KEY (`VoucherID`) REFERENCES `vouchers` (`ID`) ON DELETE CASCADE ON UPDATE CASCADE;

--
-- Các ràng buộc cho bảng `vouchers`
--
ALTER TABLE `vouchers`
  ADD CONSTRAINT `vouchers_ibfk_1` FOREIGN KEY (`ApplyFastFoodID`) REFERENCES `fastfoods` (`ID`) ON DELETE CASCADE ON UPDATE CASCADE,
  ADD CONSTRAINT `vouchers_ibfk_2` FOREIGN KEY (`ApplyTicketTypeID`) REFERENCES `tickettypes` (`ID`) ON DELETE CASCADE ON UPDATE CASCADE,
  ADD CONSTRAINT `vouchers_ibfk_3` FOREIGN KEY (`ApplyComboID`) REFERENCES `combos` (`ID`) ON DELETE CASCADE ON UPDATE CASCADE;
COMMIT;

/*!40101 SET CHARACTER_SET_CLIENT=@OLD_CHARACTER_SET_CLIENT */;
/*!40101 SET CHARACTER_SET_RESULTS=@OLD_CHARACTER_SET_RESULTS */;
/*!40101 SET COLLATION_CONNECTION=@OLD_COLLATION_CONNECTION */;
